State,County,Population
Alabama,Autauga County,56145
Alabama,Baldwin County,229287
Alabama,Barbour County,24589
Alabama,Bibb County,22136
Alabama,Blount County,57879
Alabama,Bullock County,9976
Alabama,Butler County,19504
Alabama,Calhoun County,113469
Alabama,Chambers County,32865
Alabama,Cherokee County,26294
Alabama,Chilton County,44397
Alabama,Choctaw County,12418
Alabama,Clarke County,23291
Alabama,Clay County,13112
Alabama,Cleburne County,14967
Alabama,Coffee County,53230
Alabama,Colbert County,55411
Alabama,Conecuh County,11851
Alabama,Coosa County,10650
Alabama,Covington County,36930
Alabama,Crenshaw County,13681
Alabama,Cullman County,84515
Alabama,Dale County,48959
Alabama,Dallas County,36098
Alabama,DeKalb County,71658
Alabama,Elmore County,82158
Alabama,Escambia County,36281
Alabama,Etowah County,102371
Alabama,Fayette County,16241
Alabama,Franklin County,31507
Alabama,Geneva County,26411
Alabama,Greene County,7990
Alabama,Hale County,14670
Alabama,Henry County,17223
Alabama,Houston County,106580
Alabama,Jackson County,51582
Alabama,Jefferson County,655342
Alabama,Lamar County,13764
Alabama,Lauderdale County,93368
Alabama,Lawrence County,32857
Alabama,Lee County,166831
Alabama,Limestone County,102228
Alabama,Lowndes County,9641
Alabama,Macon County,17895
Alabama,Madison County,379453
Alabama,Marengo County,18733
Alabama,Marion County,29703
Alabama,Marshall County,96990
Alabama,Mobile County,412716
Alabama,Monroe County,20459
Alabama,Montgomery County,224639
Alabama,Morgan County,119883
Alabama,Perry County,8687
Alabama,Pickens County,19793
Alabama,Pike County,32966
Alabama,Randolph County,22920
Alabama,Russell County,58237
Alabama,St. Clair County,90739
Alabama,Shelby County,221428
Alabama,Sumter County,12225
Alabama,Talladega County,79985
Alabama,Tallapoosa County,40133
Alabama,Tuscaloosa County,210758
Alabama,Walker County,63143
Alabama,Washington County,15976
Alabama,Wilcox County,10206
Alabama,Winston County,23508
Alaska,Aleutians East Borough,3401
Alaska,Aleutians West Census Area,5680
Alaska,Anchorage Municipality,287095
Alaska,Bethel Census Area,18437
Alaska,Bristol Bay Borough,788
Alaska,Chugach Census Area,6427
Alaska,Copper River Census Area,2919
Alaska,Denali Borough,2081
Alaska,Dillingham Census Area,4833
Alaska,Fairbanks North Star Borough,95651
Alaska,Haines Borough,2614
Alaska,Hoonah-Angoon Census Area,2141
Alaska,Juneau City and Borough,31849
Alaska,Kenai Peninsula Borough,59414
Alaska,Ketchikan Gateway Borough,13747
Alaska,Kodiak Island Borough,12992
Alaska,Kusilvak Census Area,8328
Alaska,Lake and Peninsula Borough,1493
Alaska,Matanuska-Susitna Borough,110213
Alaska,Nome Census Area,9909
Alaska,North Slope Borough,9294
Alaska,Northwest Arctic Borough,7644
Alaska,Petersburg Borough,3296
Alaska,Prince of Wales-Hyder Census Area,6147
Alaska,Sitka City and Borough,8405
Alaska,Skagway Municipality,1179
Alaska,Southeast Fairbanks Census Area,6957
Alaska,Wrangell City and Borough,2510
Alaska,Yakutat City and Borough,637
Alaska,Yukon-Koyukuk Census Area,5077
Arizona,Apache County,71875
Arizona,Cochise County,127450
Arizona,Coconino County,142481
Arizona,Gila County,54303
Arizona,Graham County,39211
Arizona,Greenlee County,9341
Arizona,La Paz County,21480
Arizona,Maricopa County,4579081
Arizona,Mohave County,217206
Arizona,Navajo County,112112
Arizona,Pima County,1061175
Arizona,Pinal County,480828
Arizona,Santa Cruz County,46808
Arizona,Yavapai County,240226
Arizona,Yuma County,217824
Arkansas,Arkansas County,17383
Arkansas,Ashley County,19339
Arkansas,Baxter County,42242
Arkansas,Benton County,288774
Arkansas,Boone County,37625
Arkansas,Bradley County,10639
Arkansas,Calhoun County,5113
Arkansas,Carroll County,28276
Arkansas,Chicot County,9924
Arkansas,Clark County,22103
Arkansas,Clay County,14375
Arkansas,Cleburne County,24935
Arkansas,Cleveland County,7957
Arkansas,Columbia County,23331
Arkansas,Conway County,21037
Arkansas,Craighead County,112245
Arkansas,Crawford County,63409
Arkansas,Crittenden County,47616
Arkansas,Cross County,16142
Arkansas,Dallas County,6802
Arkansas,Desha County,11110
Arkansas,Drew County,17977
Arkansas,Faulkner County,126919
Arkansas,Franklin County,17897
Arkansas,Fulton County,12381
Arkansas,Garland County,99789
Arkansas,Grant County,18449
Arkansas,Greene County,45597
Arkansas,Hempstead County,21253
Arkansas,Hot Spring County,33787
Arkansas,Howard County,13109
Arkansas,Independence County,37757
Arkansas,Izard County,13613
Arkansas,Jackson County,16636
Arkansas,Jefferson County,65377
Arkansas,Johnson County,26513
Arkansas,Lafayette County,6596
Arkansas,Lawrence County,16410
Arkansas,Lee County,8513
Arkansas,Lincoln County,12944
Arkansas,Little River County,12180
Arkansas,Logan County,21410
Arkansas,Lonoke County,73921
Arkansas,Madison County,16644
Arkansas,Marion County,16790
Arkansas,Miller County,43177
Arkansas,Mississippi County,40066
Arkansas,Monroe County,6584
Arkansas,Montgomery County,9006
Arkansas,Nevada County,8099
Arkansas,Newton County,7602
Arkansas,Ouachita County,23167
Arkansas,Perry County,10327
Arkansas,Phillips County,17299
Arkansas,Pike County,10643
Arkansas,Poinsett County,23283
Arkansas,Polk County,19707
Arkansas,Pope County,64334
Arkansas,Prairie County,7966
Arkansas,Pulaski County,392980
Arkansas,Randolph County,18247
Arkansas,St. Francis County,24682
Arkansas,Saline County,123968
Arkansas,Scott County,10164
Arkansas,Searcy County,7842
Arkansas,Sebastian County,127590
Arkansas,Sevier County,16702
Arkansas,Sharp County,17424
Arkansas,Stone County,12674
Arkansas,Union County,38219
Arkansas,Van Buren County,16541
Arkansas,Washington County,243216
Arkansas,White County,78729
Arkansas,Woodruff County,6264
Arkansas,Yell County,21181
California,Alameda County,1662323
California,Alpine County,1119
California,Amador County,40083
California,Butte County,212744
California,Calaveras County,46308
California,Colusa County,21558
California,Contra Costa County,1152333
California,Del Norte County,27968
California,El Dorado County,192925
California,Fresno County,1000918
California,Glenn County,28283
California,Humboldt County,134977
California,Imperial County,180267
California,Inyo County,18046
California,Kern County,901362
California,Kings County,152692
California,Lake County,64479
California,Lassen County,30016
California,Los Angeles County,9943046
California,Madera County,157761
California,Marin County,257332
California,Mariposa County,17160
California,Mendocino County,86061
California,Merced County,279252
California,Modoc County,8763
California,Mono County,14534
California,Monterey County,430906
California,Napa County,135965
California,Nevada County,99606
California,Orange County,3166857
California,Placer County,402950
California,Plumas County,18967
California,Riverside County,2489188
California,Sacramento County,1559146
California,San Benito County,64055
California,San Bernardino County,2189183
California,San Diego County,3332427
California,San Francisco County,866606
California,San Joaquin County,767967
California,San Luis Obispo County,282249
California,San Mateo County,758308
California,Santa Barbara County,444766
California,Santa Clara County,1907105
California,Santa Cruz County,269925
California,Shasta County,179027
California,Sierra County,2920
California,Siskiyou County,43245
California,Solano County,446935
California,Sonoma County,489819
California,Stanislaus County,550081
California,Sutter County,96385
California,Tehama County,64494
California,Trinity County,12216
California,Tulare County,468680
California,Tuolumne County,54515
California,Ventura County,841387
California,Yolo County,219728
California,Yuba County,80160
Colorado,Adams County,519883
Colorado,Alamosa County,16180
Colorado,Arapahoe County,657452
Colorado,Archuleta County,14196
Colorado,Baca County,3555
Colorado,Bent County,5356
Colorado,Boulder County,327171
Colorado,Broomfield County,72236
Colorado,Chaffee County,20661
Colorado,Cheyenne County,1795
Colorado,Clear Creek County,9586
Colorado,Conejos County,8143
Colorado,Costilla County,3921
Colorado,Crowley County,5696
Colorado,Custer County,5183
Colorado,Delta County,31067
Colorado,Denver County,735538
Colorado,Dolores County,2096
Colorado,Douglas County,360750
Colorado,Eagle County,54929
Colorado,Elbert County,27313
Colorado,El Paso County,728310
Colorado,Fremont County,47867
Colorado,Garfield County,60366
Colorado,Gilpin County,6235
Colorado,Grand County,15794
Colorado,Gunnison County,17593
Colorado,Hinsdale County,808
Colorado,Huerfano County,6883
Colorado,Jackson County,1389
Colorado,Jefferson County,583283
Colorado,Kiowa County,1458
Colorado,Kit Carson County,7121
Colorado,Lake County,7987
Colorado,La Plata County,56564
Colorado,Larimer County,360428
Colorado,Las Animas County,14420
Colorado,Lincoln County,5680
Colorado,Logan County,21974
Colorado,Mesa County,155603
Colorado,Mineral County,773
Colorado,Moffat County,13144
Colorado,Montezuma County,26408
Colorado,Montrose County,43322
Colorado,Morgan County,28941
Colorado,Otero County,18201
Colorado,Ouray County,5001
Colorado,Park County,18955
Colorado,Phillips County,4367
Colorado,Pitkin County,17894
Colorado,Prowers County,12106
Colorado,Pueblo County,169823
Colorado,Rio Blanco County,6342
Colorado,Rio Grande County,11296
Colorado,Routt County,25560
Colorado,Saguache County,6938
Colorado,San Juan County,748
Colorado,San Miguel County,8105
Colorado,Sedgwick County,2260
Colorado,Summit County,30631
Colorado,Teller County,25529
Colorado,Washington County,4875
Colorado,Weld County,333983
Colorado,Yuma County,10047
Connecticut,Fairfield County,942426
Connecticut,Hartford County,889226
Connecticut,Litchfield County,179610
Connecticut,Middlesex County,161657
Connecticut,New Haven County,851948
Connecticut,New London County,264999
Connecticut,Tolland County,150600
Connecticut,Windham County,116540
Delaware,Kent County,183643
Delaware,New Castle County,561531
Delaware,Sussex County,241635
District of Columbia,District of Columbia,712816
Florida,Alachua County,271218
Florida,Baker County,29566
Florida,Bay County,171322
Florida,Bradford County,28593
Florida,Brevard County,608459
Florida,Broward County,1958105
Florida,Calhoun County,14078
Florida,Charlotte County,194711
Florida,Citrus County,153010
Florida,Clay County,221770
Florida,Collier County,392973
Florida,Columbia County,72654
Florida,DeSoto County,38520
Florida,Dixie County,17057
Florida,Duval County,966728
Florida,Escambia County,322364
Florida,Flagler County,118451
Florida,Franklin County,12201
Florida,Gadsden County,45277
Florida,Gilchrist County,18885
Florida,Glades County,14198
Florida,Gulf County,13534
Florida,Hamilton County,14521
Florida,Hardee County,26822
Florida,Hendry County,42813
Florida,Hernando County,198792
Florida,Highlands County,106639
Florida,Hillsborough County,1497957
Florida,Holmes County,19594
Florida,Indian River County,162518
Florida,Jackson County,46085
Florida,Jefferson County,14543
Florida,Lafayette County,8482
Florida,Lake County,375492
Florida,Lee County,790767
Florida,Leon County,295460
Florida,Levy County,42214
Florida,Liberty County,8364
Florida,Madison County,18707
Florida,Manatee County,411219
Florida,Marion County,373513
Florida,Martin County,162088
Florida,Miami-Dade County,2707303
Florida,Monroe County,73900
Florida,Nassau County,91113
Florida,Okaloosa County,212820
Florida,Okeechobee County,42297
Florida,Orange County,1404396
Florida,Osceola County,385315
Florida,Palm Beach County,1507600
Florida,Pasco County,570412
Florida,Pinellas County,976802
Florida,Polk County,744552
Florida,Putnam County,74815
Florida,St. Johns County,278715
Florida,St. Lucie County,337186
Florida,Santa Rosa County,189139
Florida,Sarasota County,443465
Florida,Seminole County,474171
Florida,Sumter County,139018
Florida,Suwannee County,44851
Florida,Taylor County,21600
Florida,Union County,15182
Florida,Volusia County,561497
Florida,Wakulla County,34319
Florida,Walton County,76648
Florida,Washington County,25932
Georgia,Appling County,18325
Georgia,Atkinson County,8393
Georgia,Bacon County,11036
Georgia,Baker County,2971
Georgia,Baldwin County,45099
Georgia,Banks County,19352
Georgia,Barrow County,85588
Georgia,Bartow County,109426
Georgia,Ben Hill County,16614
Georgia,Berrien County,19408
Georgia,Bibb County,152737
Georgia,Bleckley County,12955
Georgia,Brantley County,19202
Georgia,Brooks County,15357
Georgia,Bryan County,40755
Georgia,Bulloch County,80839
Georgia,Burke County,22648
Georgia,Butts County,25426
Georgia,Calhoun County,6231
Georgia,Camden County,55388
Georgia,Candler County,10985
Georgia,Carroll County,121633
Georgia,Catoosa County,67996
Georgia,Charlton County,13430
Georgia,Chatham County,289463
Georgia,Chattahoochee County,10551
Georgia,Chattooga County,24843
Georgia,Cherokee County,265274
Georgia,Clarke County,127795
Georgia,Clay County,2866
Georgia,Clayton County,292646
Georgia,Clinch County,6582
Georgia,Cobb County,762944
Georgia,Coffee County,43218
Georgia,Colquitt County,45542
Georgia,Columbia County,160377
Georgia,Cook County,17291
Georgia,Coweta County,150849
Georgia,Crawford County,12231
Georgia,Crisp County,22034
Georgia,Dade County,16057
Georgia,Dawson County,27113
Georgia,Decatur County,26457
Georgia,DeKalb County,762009
Georgia,Dodge County,20452
Georgia,Dooly County,13174
Georgia,Dougherty County,86477
Georgia,Douglas County,147988
Georgia,Early County,10037
Georgia,Echols County,4002
Georgia,Effingham County,65765
Georgia,Elbert County,19335
Georgia,Emanuel County,22507
Georgia,Evans County,10638
Georgia,Fannin County,26521
Georgia,Fayette County,115821
Georgia,Floyd County,98604
Georgia,Forsyth County,250847
Georgia,Franklin County,23504
Georgia,Fulton County,1077402
Georgia,Gilmer County,31978
Georgia,Glascock County,2984
Georgia,Glynn County,85568
Georgia,Gordon County,58780
Georgia,Grady County,24491
Georgia,Greene County,18837
Georgia,Gwinnett County,942627
Georgia,Habersham County,46047
Georgia,Hall County,206591
Georgia,Hancock County,8494
Georgia,Haralson County,30383
Georgia,Harris County,36080
Georgia,Hart County,26406
Georgia,Heard County,11973
Georgia,Henry County,239139
Georgia,Houston County,160110
Georgia,Irwin County,9387
Georgia,Jackson County,76199
Georgia,Jasper County,14483
Georgia,Jeff Davis County,15213
Georgia,Jefferson County,15267
Georgia,Jenkins County,8746
Georgia,Johnson County,9667
Georgia,Jones County,28787
Georgia,Lamar County,19261
Georgia,Lanier County,10737
Georgia,Laurens County,47512
Georgia,Lee County,30234
Georgia,Liberty County,63004
Georgia,Lincoln County,8031
Georgia,Long County,20171
Georgia,Lowndes County,118268
Georgia,Lumpkin County,34186
Georgia,McDuffie County,21162
Georgia,McIntosh County,14387
Georgia,Macon County,12712
Georgia,Madison County,30457
Georgia,Marion County,8516
Georgia,Meriwether County,21164
Georgia,Miller County,5622
Georgia,Mitchell County,21602
Georgia,Monroe County,28042
Georgia,Montgomery County,9012
Georgia,Morgan County,19636
Georgia,Murray County,40032
Georgia,Muscogee County,196442
Georgia,Newton County,113295
Georgia,Oconee County,41124
Georgia,Oglethorpe County,15383
Georgia,Paulding County,173359
Georgia,Peach County,27950
Georgia,Pickens County,33127
Georgia,Pierce County,19522
Georgia,Pike County,19121
Georgia,Polk County,42840
Georgia,Pulaski County,11191
Georgia,Putnam County,22520
Georgia,Quitman County,2271
Georgia,Rabun County,17273
Georgia,Randolph County,6682
Georgia,Richmond County,202079
Georgia,Rockdale County,90939
Georgia,Schley County,5196
Georgia,Screven County,14012
Georgia,Seminole County,8060
Georgia,Spalding County,67414
Georgia,Stephens County,26107
Georgia,Stewart County,6689
Georgia,Sumter County,29282
Georgia,Talbot County,6143
Georgia,Taliaferro County,1562
Georgia,Tattnall County,25365
Georgia,Taylor County,8074
Georgia,Telfair County,15781
Georgia,Terrell County,8523
Georgia,Thomas County,44372
Georgia,Tift County,40719
Georgia,Toombs County,26973
Georgia,Towns County,12247
Georgia,Treutlen County,6822
Georgia,Troup County,70214
Georgia,Turner County,7882
Georgia,Twiggs County,8103
Georgia,Union County,25358
Georgia,Upson County,26527
Georgia,Walker County,70116
Georgia,Walton County,96875
Georgia,Ware County,35826
Georgia,Warren County,5232
Georgia,Washington County,20150
Georgia,Wayne County,30023
Georgia,Webster County,2595
Georgia,Wheeler County,7751
Georgia,White County,31094
Georgia,Whitfield County,103837
Georgia,Wilcox County,8502
Georgia,Wilkes County,9694
Georgia,Wilkinson County,8812
Georgia,Worth County,19972
Hawaii,Hawaii County,203340
Hawaii,Honolulu County,963826
Hawaii,Kalawao County,87
Hawaii,Kauai County,71851
Hawaii,Maui County,167902
Idaho,Ada County,494399
Idaho,Adams County,4447
Idaho,Bannock County,88795
Idaho,Bear Lake County,6143
Idaho,Benewah County,9430
Idaho,Bingham County,47202
Idaho,Blaine County,23426
Idaho,Boise County,8065
Idaho,Bonner County,46817
Idaho,Bonneville County,122134
Idaho,Boundary County,12656
Idaho,Butte County,2646
Idaho,Camas County,1130
Idaho,Canyon County,237053
Idaho,Caribou County,7123
Idaho,Cassia County,24277
Idaho,Clark County,852
Idaho,Clearwater County,8846
Idaho,Custer County,4249
Idaho,Elmore County,27448
Idaho,Franklin County,14215
Idaho,Fremont County,13218
Idaho,Gem County,18703
Idaho,Gooding County,15618
Idaho,Idaho County,16823
Idaho,Jefferson County,30581
Idaho,Jerome County,24578
Idaho,Kootenai County,170628
Idaho,Latah County,40830
Idaho,Lemhi County,8054
Idaho,Lewis County,3838
Idaho,Lincoln County,5358
Idaho,Madison County,40318
Idaho,Minidoka County,21216
Idaho,Nez Perce County,40755
Idaho,Oneida County,4520
Idaho,Owyhee County,12133
Idaho,Payette County,24771
Idaho,Power County,7643
Idaho,Shoshone County,12911
Idaho,Teton County,12501
Idaho,Twin Falls County,88411
Idaho,Valley County,11792
Idaho,Washington County,10360
Illinois,Adams County,64783
Illinois,Alexander County,5497
Illinois,Bond County,16262
Illinois,Boone County,52777
Illinois,Brown County,6546
Illinois,Bureau County,32303
Illinois,Calhoun County,4616
Illinois,Carroll County,14241
Illinois,Cass County,11925
Illinois,Champaign County,209192
Illinois,Christian County,32075
Illinois,Clark County,15268
Illinois,Clay County,13079
Illinois,Clinton County,37398
Illinois,Coles County,50383
Illinois,Cook County,5108284
Illinois,Crawford County,18512
Illinois,Cumberland County,10649
Illinois,DeKalb County,104491
Illinois,De Witt County,15368
Illinois,Douglas County,19510
Illinois,DuPage County,917481
Illinois,Edgar County,16858
Illinois,Edwards County,6356
Illinois,Effingham County,34065
Illinois,Fayette County,21264
Illinois,Ford County,12949
Illinois,Franklin County,38060
Illinois,Fulton County,33690
Illinois,Gallatin County,4793
Illinois,Greene County,12702
Illinois,Grundy County,50993
Illinois,Hamilton County,8084
Illinois,Hancock County,17422
Illinois,Hardin County,3808
Illinois,Henderson County,6535
Illinois,Henry County,48411
Illinois,Iroquois County,26711
Illinois,Jackson County,56675
Illinois,Jasper County,9465
Illinois,Jefferson County,37235
Illinois,Jersey County,21616
Illinois,Jo Daviess County,21239
Illinois,Johnson County,12358
Illinois,Kane County,531010
Illinois,Kankakee County,108594
Illinois,Kendall County,130638
Illinois,Knox County,49053
Illinois,Lake County,693593
Illinois,LaSalle County,107571
Illinois,Lawrence County,15467
Illinois,Lee County,33647
Illinois,Livingston County,35414
Illinois,Logan County,28383
Illinois,McDonough County,29295
Illinois,McHenry County,305888
Illinois,McLean County,171256
Illinois,Macon County,103015
Illinois,Macoupin County,44567
Illinois,Madison County,262635
Illinois,Marion County,37045
Illinois,Marshall County,11309
Illinois,Mason County,13173
Illinois,Massac County,13636
Illinois,Menard County,12068
Illinois,Mercer County,15225
Illinois,Monroe County,34739
Illinois,Montgomery County,28045
Illinois,Morgan County,33400
Illinois,Moultrie County,14347
Illinois,Ogle County,50306
Illinois,Peoria County,177652
Illinois,Perry County,20664
Illinois,Piatt County,16355
Illinois,Pike County,15239
Illinois,Pope County,4142
Illinois,Pulaski County,5201
Illinois,Putnam County,5716
Illinois,Randolph County,31351
Illinois,Richland County,15507
Illinois,Rock Island County,140907
Illinois,St. Clair County,258046
Illinois,Saline County,23182
Illinois,Sangamon County,193882
Illinois,Schuyler County,6738
Illinois,Scott County,4950
Illinois,Shelby County,21299
Illinois,Stark County,5262
Illinois,Stephenson County,43831
Illinois,Tazewell County,130777
Illinois,Union County,16498
Illinois,Vermilion County,74855
Illinois,Wabash County,11190
Illinois,Warren County,16696
Illinois,Washington County,13764
Illinois,Wayne County,16031
Illinois,White County,13364
Illinois,Whiteside County,54656
Illinois,Will County,688726
Illinois,Williamson County,66415
Illinois,Winnebago County,281295
Illinois,Woodford County,38091
Indiana,Adams County,35839
Indiana,Allen County,382187
Indiana,Bartholomew County,84447
Indiana,Benton County,8741
Indiana,Blackford County,11782
Indiana,Boone County,69347
Indiana,Brown County,15112
Indiana,Carroll County,20228
Indiana,Cass County,37388
Indiana,Clark County,119266
Indiana,Clay County,26246
Indiana,Clinton County,32206
Indiana,Crawford County,10629
Indiana,Daviess County,33505
Indiana,Dearborn County,49824
Indiana,Decatur County,26584
Indiana,DeKalb County,43670
Indiana,Delaware County,113454
Indiana,Dubois County,42542
Indiana,Elkhart County,206161
Indiana,Fayette County,22892
Indiana,Floyd County,78936
Indiana,Fountain County,16511
Indiana,Franklin County,22761
Indiana,Fulton County,20018
Indiana,Gibson County,33825
Indiana,Grant County,65225
Indiana,Greene County,32203
Indiana,Hamilton County,344238
Indiana,Hancock County,79553
Indiana,Harrison County,40682
Indiana,Hendricks County,173251
Indiana,Henry County,48033
Indiana,Howard County,82732
Indiana,Huntington County,36395
Indiana,Jackson County,44222
Indiana,Jasper County,33440
Indiana,Jay County,20416
Indiana,Jefferson County,32110
Indiana,Jennings County,27515
Indiana,Johnson County,160607
Indiana,Knox County,36522
Indiana,Kosciusko County,78988
Indiana,LaGrange County,40119
Indiana,Lake County,487536
Indiana,LaPorte County,109663
Indiana,Lawrence County,45496
Indiana,Madison County,129681
Indiana,Marion County,966183
Indiana,Marshall County,46108
Indiana,Martin County,10079
Indiana,Miami County,35328
Indiana,Monroe County,148219
Indiana,Montgomery County,38365
Indiana,Morgan County,70707
Indiana,Newton County,13907
Indiana,Noble County,47832
Indiana,Ohio County,5892
Indiana,Orange County,19651
Indiana,Owen County,20833
Indiana,Parke County,16871
Indiana,Perry County,19154
Indiana,Pike County,12378
Indiana,Porter County,170980
Indiana,Posey County,25275
Indiana,Pulaski County,12388
Indiana,Putnam County,37469
Indiana,Randolph County,24191
Indiana,Ripley County,28448
Indiana,Rush County,16649
Indiana,St. Joseph County,271484
Indiana,Scott County,23788
Indiana,Shelby County,44871
Indiana,Spencer County,20225
Indiana,Starke County,23049
Indiana,Steuben County,34831
Indiana,Sullivan County,20578
Indiana,Switzerland County,10724
Indiana,Tippecanoe County,196115
Indiana,Tipton County,15227
Indiana,Union County,7119
Indiana,Vanderburgh County,182447
Indiana,Vermillion County,15329
Indiana,Vigo County,106608
Indiana,Wabash County,30784
Indiana,Warren County,8194
Indiana,Warrick County,63269
Indiana,Washington County,28213
Indiana,Wayne County,65778
Indiana,Wells County,28142
Indiana,White County,24165
Indiana,Whitley County,34378
Iowa,Adair County,7059
Iowa,Adams County,3588
Iowa,Allamakee County,13642
Iowa,Appanoose County,12430
Iowa,Audubon County,5481
Iowa,Benton County,25414
Iowa,Black Hawk County,130786
Iowa,Boone County,26277
Iowa,Bremer County,25311
Iowa,Buchanan County,21287
Iowa,Buena Vista County,19772
Iowa,Butler County,14333
Iowa,Calhoun County,9473
Iowa,Carroll County,19914
Iowa,Cass County,12817
Iowa,Cedar County,18485
Iowa,Cerro Gordo County,42103
Iowa,Cherokee County,11190
Iowa,Chickasaw County,11834
Iowa,Clarke County,9353
Iowa,Clay County,15976
Iowa,Clayton County,17321
Iowa,Clinton County,46392
Iowa,Crawford County,16834
Iowa,Dallas County,96963
Iowa,Davis County,9051
Iowa,Decatur County,7769
Iowa,Delaware County,16937
Iowa,Des Moines County,38708
Iowa,Dickinson County,17549
Iowa,Dubuque County,97590
Iowa,Emmet County,9095
Iowa,Fayette County,19258
Iowa,Floyd County,15480
Iowa,Franklin County,9971
Iowa,Fremont County,6729
Iowa,Greene County,8795
Iowa,Grundy County,12217
Iowa,Guthrie County,10737
Iowa,Hamilton County,14716
Iowa,Hancock County,10507
Iowa,Hardin County,16575
Iowa,Harrison County,13928
Iowa,Henry County,19697
Iowa,Howard County,9176
Iowa,Humboldt County,9473
Iowa,Ida County,6833
Iowa,Iowa County,16138
Iowa,Jackson County,19205
Iowa,Jasper County,37148
Iowa,Jefferson County,18347
Iowa,Johnson County,153740
Iowa,Jones County,20617
Iowa,Keokuk County,10085
Iowa,Kossuth County,14680
Iowa,Lee County,33480
Iowa,Linn County,227854
Iowa,Louisa County,11011
Iowa,Lucas County,8518
Iowa,Lyon County,11756
Iowa,Madison County,16521
Iowa,Mahaska County,22370
Iowa,Marion County,33168
Iowa,Marshall County,39495
Iowa,Mills County,14766
Iowa,Mitchell County,10647
Iowa,Monona County,8598
Iowa,Monroe County,7770
Iowa,Montgomery County,9935
Iowa,Muscatine County,42394
Iowa,O'Brien County,13679
Iowa,Osceola County,5987
Iowa,Page County,15073
Iowa,Palo Alto County,8845
Iowa,Plymouth County,25219
Iowa,Pocahontas County,6607
Iowa,Polk County,494281
Iowa,Pottawattamie County,93328
Iowa,Poweshiek County,18381
Iowa,Ringgold County,4801
Iowa,Sac County,9603
Iowa,Scott County,173216
Iowa,Shelby County,11430
Iowa,Sioux County,35043
Iowa,Story County,98237
Iowa,Tama County,16801
Iowa,Taylor County,6092
Iowa,Union County,12157
Iowa,Van Buren County,7069
Iowa,Wapello County,34985
Iowa,Warren County,52265
Iowa,Washington County,21992
Iowa,Wayne County,6415
Iowa,Webster County,35934
Iowa,Winnebago County,10277
Iowa,Winneshiek County,19862
Iowa,Woodbury County,103138
Iowa,Worth County,7359
Iowa,Wright County,12416
Kansas,Allen County,12399
Kansas,Anderson County,7949
Kansas,Atchison County,16015
Kansas,Barber County,4358
Kansas,Barton County,25658
Kansas,Bourbon County,14435
Kansas,Brown County,9482
Kansas,Butler County,66992
Kansas,Chase County,2586
Kansas,Chautauqua County,3230
Kansas,Cherokee County,19681
Kansas,Cheyenne County,2600
Kansas,Clark County,1963
Kansas,Clay County,8025
Kansas,Cloud County,8642
Kansas,Coffey County,8158
Kansas,Comanche County,1690
Kansas,Cowley County,34628
Kansas,Crawford County,38730
Kansas,Decatur County,2776
Kansas,Dickinson County,18266
Kansas,Doniphan County,7496
Kansas,Douglas County,122530
Kansas,Edwards County,2750
Kansas,Elk County,2507
Kansas,Ellis County,28671
Kansas,Ellsworth County,6034
Kansas,Finney County,35917
Kansas,Ford County,33094
Kansas,Franklin County,25703
Kansas,Geary County,32218
Kansas,Gove County,2621
Kansas,Graham County,2389
Kansas,Grant County,7077
Kansas,Gray County,5954
Kansas,Greeley County,1196
Kansas,Greenwood County,5868
Kansas,Hamilton County,2425
Kansas,Harper County,5336
Kansas,Harvey County,34291
Kansas,Haskell County,3923
Kansas,Hodgeman County,1779
Kansas,Jackson County,13171
Kansas,Jefferson County,19032
Kansas,Jewell County,2833
Kansas,Johnson County,607220
Kansas,Kearny County,3745
Kansas,Kingman County,6974
Kansas,Kiowa County,2456
Kansas,Labette County,19586
Kansas,Lane County,1518
Kansas,Leavenworth County,82246
Kansas,Lincoln County,2986
Kansas,Linn County,9654
Kansas,Logan County,2732
Kansas,Lyon County,33045
Kansas,McPherson County,28448
Kansas,Marion County,11652
Kansas,Marshall County,9652
Kansas,Meade County,4029
Kansas,Miami County,34334
Kansas,Mitchell County,5879
Kansas,Montgomery County,31502
Kansas,Morris County,5559
Kansas,Morton County,2538
Kansas,Nemaha County,10121
Kansas,Neosho County,15929
Kansas,Ness County,2768
Kansas,Norton County,5328
Kansas,Osage County,15770
Kansas,Osborne County,3439
Kansas,Ottawa County,5712
Kansas,Pawnee County,6366
Kansas,Phillips County,5181
Kansas,Pottawatomie County,24722
Kansas,Pratt County,9127
Kansas,Rawlins County,2511
Kansas,Reno County,61793
Kansas,Republic County,4536
Kansas,Rice County,9362
Kansas,Riley County,73202
Kansas,Rooks County,4827
Kansas,Rush County,2947
Kansas,Russell County,6804
Kansas,Saline County,53926
Kansas,Scott County,4790
Kansas,Sedgwick County,519907
Kansas,Seward County,21038
Kansas,Shawnee County,175999
Kansas,Sheridan County,2520
Kansas,Sherman County,5777
Kansas,Smith County,3544
Kansas,Stafford County,4046
Kansas,Stanton County,1969
Kansas,Stevens County,5388
Kansas,Sumner County,22578
Kansas,Thomas County,7702
Kansas,Trego County,2758
Kansas,Wabaunsee County,6906
Kansas,Wallace County,1536
Kansas,Washington County,5427
Kansas,Wichita County,2074
Kansas,Wilson County,8362
Kansas,Woodson County,3015
Kansas,Wyandotte County,165265
Kentucky,Adair County,19555
Kentucky,Allen County,21303
Kentucky,Anderson County,22833
Kentucky,Ballard County,7769
Kentucky,Barren County,44300
Kentucky,Bath County,12481
Kentucky,Bell County,25482
Kentucky,Boone County,135396
Kentucky,Bourbon County,19901
Kentucky,Boyd County,46516
Kentucky,Boyle County,30367
Kentucky,Bracken County,8286
Kentucky,Breathitt County,12550
Kentucky,Breckinridge County,20537
Kentucky,Bullitt County,82182
Kentucky,Butler County,12703
Kentucky,Caldwell County,12687
Kentucky,Calloway County,39300
Kentucky,Campbell County,94020
Kentucky,Carlisle County,4692
Kentucky,Carroll County,10730
Kentucky,Carter County,26542
Kentucky,Casey County,16066
Kentucky,Christian County,71478
Kentucky,Clark County,36463
Kentucky,Clay County,19631
Kentucky,Clinton County,10110
Kentucky,Crittenden County,8847
Kentucky,Cumberland County,6523
Kentucky,Daviess County,101978
Kentucky,Edmonson County,12235
Kentucky,Elliott County,7372
Kentucky,Estill County,14109
Kentucky,Fayette County,324735
Kentucky,Fleming County,14603
Kentucky,Floyd County,34974
Kentucky,Franklin County,51118
Kentucky,Fulton County,5952
Kentucky,Gallatin County,8779
Kentucky,Garrard County,17719
Kentucky,Grant County,25387
Kentucky,Graves County,36818
Kentucky,Grayson County,26480
Kentucky,Green County,10995
Kentucky,Greenup County,34865
Kentucky,Hancock County,8742
Kentucky,Hardin County,111309
Kentucky,Harlan County,25566
Kentucky,Harrison County,18920
Kentucky,Hart County,19013
Kentucky,Henderson County,44740
Kentucky,Henry County,16067
Kentucky,Hickman County,4364
Kentucky,Hopkins County,44662
Kentucky,Jackson County,13340
Kentucky,Jefferson County,767452
Kentucky,Jessamine County,54057
Kentucky,Johnson County,22002
Kentucky,Kenton County,167949
Kentucky,Knott County,14512
Kentucky,Knox County,31022
Kentucky,Larue County,14431
Kentucky,Laurel County,61238
Kentucky,Lawrence County,15436
Kentucky,Lee County,7268
Kentucky,Leslie County,9637
Kentucky,Letcher County,21213
Kentucky,Lewis County,13262
Kentucky,Lincoln County,24466
Kentucky,Livingston County,9041
Kentucky,Logan County,27416
Kentucky,Lyon County,8133
Kentucky,McCracken County,65644
Kentucky,McCreary County,17071
Kentucky,McLean County,9075
Kentucky,Madison County,94265
Kentucky,Magoffin County,12017
Kentucky,Marion County,19314
Kentucky,Marshall County,31163
Kentucky,Martin County,11031
Kentucky,Mason County,17035
Kentucky,Meade County,28616
Kentucky,Menifee County,6502
Kentucky,Mercer County,21889
Kentucky,Metcalfe County,10058
Kentucky,Monroe County,10549
Kentucky,Montgomery County,28186
Kentucky,Morgan County,13142
Kentucky,Muhlenberg County,30457
Kentucky,Nelson County,46450
Kentucky,Nicholas County,7234
Kentucky,Ohio County,23899
Kentucky,Oldham County,66999
Kentucky,Owen County,11017
Kentucky,Owsley County,4331
Kentucky,Pendleton County,14586
Kentucky,Perry County,25456
Kentucky,Pike County,57057
Kentucky,Powell County,12218
Kentucky,Pulaski County,65530
Kentucky,Robertson County,2136
Kentucky,Rockcastle County,16750
Kentucky,Rowan County,24682
Kentucky,Russell County,17998
Kentucky,Scott County,58470
Kentucky,Shelby County,49611
Kentucky,Simpson County,18635
Kentucky,Spencer County,19585
Kentucky,Taylor County,25707
Kentucky,Todd County,12448
Kentucky,Trigg County,14776
Kentucky,Trimble County,8481
Kentucky,Union County,14443
Kentucky,Warren County,134510
Kentucky,Washington County,12147
Kentucky,Wayne County,20209
Kentucky,Webster County,12923
Kentucky,Whitley County,36451
Kentucky,Wolfe County,7106
Kentucky,Woodford County,26765
Louisiana,Acadia Parish,61918
Louisiana,Allen Parish,25440
Louisiana,Ascension Parish,128665
Louisiana,Assumption Parish,21621
Louisiana,Avoyelles Parish,39966
Louisiana,Beauregard Parish,37881
Louisiana,Bienville Parish,12983
Louisiana,Bossier Parish,127275
Louisiana,Caddo Parish,237479
Louisiana,Calcasieu Parish,203310
Louisiana,Caldwell Parish,9839
Louisiana,Cameron Parish,7003
Louisiana,Catahoula Parish,9226
Louisiana,Claiborne Parish,15508
Louisiana,Concordia Parish,18914
Louisiana,De Soto Parish,27650
Louisiana,East Baton Rouge Parish,439729
Louisiana,East Carroll Parish,6589
Louisiana,East Feliciana Parish,18882
Louisiana,Evangeline Parish,33276
Louisiana,Franklin Parish,19723
Louisiana,Grant Parish,22254
Louisiana,Iberia Parish,68991
Louisiana,Iberville Parish,32070
Louisiana,Jackson Parish,15574
Louisiana,Jefferson Parish,432346
Louisiana,Jefferson Davis Parish,31208
Louisiana,Lafayette Parish,246518
Louisiana,Lafourche Parish,97596
Louisiana,LaSalle Parish,15021
Louisiana,Lincoln Parish,46552
Louisiana,Livingston Parish,143737
Louisiana,Madison Parish,10635
Louisiana,Morehouse Parish,24227
Louisiana,Natchitoches Parish,37655
Louisiana,Orleans Parish,389476
Louisiana,Ouachita Parish,152439
Louisiana,Plaquemines Parish,23113
Louisiana,Pointe Coupee Parish,21529
Louisiana,Rapides Parish,128567
Louisiana,Red River Parish,8286
Louisiana,Richland Parish,20014
Louisiana,Sabine Parish,23803
Louisiana,St. Bernard Parish,47647
Louisiana,St. Charles Parish,52987
Louisiana,St. Helena Parish,10081
Louisiana,St. James Parish,20727
Louisiana,St. John the Baptist Parish,42516
Louisiana,St. Landry Parish,81440
Louisiana,St. Martin Parish,52954
Louisiana,St. Mary Parish,48330
Louisiana,St. Tammany Parish,263446
Louisiana,Tangipahoa Parish,136765
Louisiana,Tensas Parish,4178
Louisiana,Terrebonne Parish,109859
Louisiana,Union Parish,22170
Louisiana,Vermilion Parish,59378
Louisiana,Vernon Parish,47894
Louisiana,Washington Parish,45773
Louisiana,Webster Parish,37943
Louisiana,West Baton Rouge Parish,26792
Louisiana,West Carroll Parish,10646
Louisiana,West Feliciana Parish,15465
Louisiana,Winn Parish,13839
Maine,Androscoggin County,108547
Maine,Aroostook County,66804
Maine,Cumberland County,298111
Maine,Franklin County,29986
Maine,Hancock County,55088
Maine,Kennebec County,122955
Maine,Knox County,39951
Maine,Lincoln County,34775
Maine,Oxford County,58132
Maine,Penobscot County,151655
Maine,Piscataquis County,16996
Maine,Sagadahoc County,36044
Maine,Somerset County,50635
Maine,Waldo County,39923
Maine,Washington County,31473
Maine,York County,209066
Maryland,Allegany County,70057
Maryland,Anne Arundel County,582777
Maryland,Baltimore County,826017
Maryland,Calvert County,93072
Maryland,Caroline County,33492
Maryland,Carroll County,169092
Maryland,Cecil County,103419
Maryland,Charles County,164436
Maryland,Dorchester County,31853
Maryland,Frederick County,265161
Maryland,Garrett County,28852
Maryland,Harford County,256805
Maryland,Howard County,328200
Maryland,Kent County,19192
Maryland,Montgomery County,1051816
Maryland,Prince George's County,909612
Maryland,Queen Anne's County,51167
Maryland,St. Mary's County,114687
Maryland,Somerset County,25453
Maryland,Talbot County,36972
Maryland,Washington County,151146
Maryland,Wicomico County,103990
Maryland,Worcester County,52403
Maryland,Baltimore city,586131
Massachusetts,Barnstable County,213164
Massachusetts,Berkshire County,124571
Massachusetts,Bristol County,566765
Massachusetts,Dukes County,17461
Massachusetts,Essex County,791263
Massachusetts,Franklin County,70267
Massachusetts,Hampden County,463986
Massachusetts,Hampshire County,161401
Massachusetts,Middlesex County,1609379
Massachusetts,Nantucket County,11376
Massachusetts,Norfolk County,709409
Massachusetts,Plymouth County,523738
Massachusetts,Suffolk County,801582
Massachusetts,Worcester County,829212
Michigan,Alcona County,10505
Michigan,Alger County,9015
Michigan,Allegan County,118927
Michigan,Alpena County,28238
Michigan,Antrim County,23449
Michigan,Arenac County,14953
Michigan,Baraga County,8164
Michigan,Barry County,62061
Michigan,Bay County,102387
Michigan,Benzie County,17852
Michigan,Berrien County,153025
Michigan,Branch County,43424
Michigan,Calhoun County,133580
Michigan,Cass County,51584
Michigan,Charlevoix County,26105
Michigan,Cheboygan County,25365
Michigan,Chippewa County,36958
Michigan,Clare County,30771
Michigan,Clinton County,79753
Michigan,Crawford County,13981
Michigan,Delta County,35612
Michigan,Dickinson County,25112
Michigan,Eaton County,110148
Michigan,Emmet County,33342
Michigan,Genesee County,404794
Michigan,Gladwin County,25424
Michigan,Gogebic County,13842
Michigan,Grand Traverse County,93592
Michigan,Gratiot County,40283
Michigan,Hillsdale County,45658
Michigan,Houghton County,35126
Michigan,Huron County,30653
Michigan,Ingham County,290609
Michigan,Ionia County,64553
Michigan,Iosco County,25140
Michigan,Iron County,11066
Michigan,Isabella County,69504
Michigan,Jackson County,156920
Michigan,Kalamazoo County,265988
Michigan,Kalkaska County,18003
Michigan,Kent County,658708
Michigan,Keweenaw County,2119
Michigan,Lake County,11587
Michigan,Lapeer County,87635
Michigan,Leelanau County,21743
Michigan,Lenawee County,97808
Michigan,Livingston County,192335
Michigan,Luce County,6126
Michigan,Mackinac County,10839
Michigan,Macomb County,870791
Michigan,Manistee County,24738
Michigan,Marquette County,65834
Michigan,Mason County,29164
Michigan,Mecosta County,43907
Michigan,Menominee County,22608
Michigan,Midland County,83441
Michigan,Missaukee County,15152
Michigan,Monroe County,150568
Michigan,Montcalm County,63476
Michigan,Montmorency County,9337
Michigan,Muskegon County,173883
Michigan,Newaygo County,49348
Michigan,Oakland County,1253459
Michigan,Oceana County,26819
Michigan,Ogemaw County,20923
Michigan,Ontonagon County,5656
Michigan,Osceola County,23466
Michigan,Oscoda County,8368
Michigan,Otsego County,24765
Michigan,Ottawa County,294635
Michigan,Presque Isle County,12665
Michigan,Roscommon County,23986
Michigan,Saginaw County,189868
Michigan,St. Clair County,159293
Michigan,St. Joseph County,60848
Michigan,Sanilac County,40747
Michigan,Schoolcraft County,8104
Michigan,Shiawassee County,67738
Michigan,Tuscola County,52289
Michigan,Van Buren County,75474
Michigan,Washtenaw County,366473
Michigan,Wayne County,1740623
Michigan,Wexford County,33743
Minnesota,Aitkin County,15848
Minnesota,Anoka County,359921
Minnesota,Becker County,34456
Minnesota,Beltrami County,47442
Minnesota,Benton County,40958
Minnesota,Big Stone County,4923
Minnesota,Blue Earth County,68241
Minnesota,Brown County,24846
Minnesota,Carlton County,35769
Minnesota,Carver County,106565
Minnesota,Cass County,29928
Minnesota,Chippewa County,11758
Minnesota,Chisago County,56794
Minnesota,Clay County,64690
Minnesota,Clearwater County,9017
Minnesota,Cook County,5417
Minnesota,Cottonwood County,11242
Minnesota,Crow Wing County,65644
Minnesota,Dakota County,431807
Minnesota,Dodge County,20987
Minnesota,Douglas County,38328
Minnesota,Faribault County,13601
Minnesota,Fillmore County,21135
Minnesota,Freeborn County,30364
Minnesota,Goodhue County,46318
Minnesota,Grant County,6026
Minnesota,Hennepin County,1268408
Minnesota,Houston County,18632
Minnesota,Hubbard County,21783
Minnesota,Isanti County,41429
Minnesota,Itasca County,45268
Minnesota,Jackson County,9768
Minnesota,Kanabec County,16416
Minnesota,Kandiyohi County,43130
Minnesota,Kittson County,4214
Minnesota,Koochiching County,12059
Minnesota,Lac qui Parle County,6527
Minnesota,Lake County,10639
Minnesota,Lake of the Woods County,3754
Minnesota,Le Sueur County,28741
Minnesota,Lincoln County,5568
Minnesota,Lyon County,25271
Minnesota,McLeod County,35710
Minnesota,Mahnomen County,5473
Minnesota,Marshall County,9321
Minnesota,Martin County,19484
Minnesota,Meeker County,23341
Minnesota,Mille Lacs County,26146
Minnesota,Morrison County,33187
Minnesota,Mower County,40150
Minnesota,Murray County,8155
Minnesota,Nicollet County,34482
Minnesota,Nobles County,21400
Minnesota,Norman County,6338
Minnesota,Olmsted County,159298
Minnesota,Otter Tail County,58741
Minnesota,Pennington County,13874
Minnesota,Pine County,29359
Minnesota,Pipestone County,9121
Minnesota,Polk County,30900
Minnesota,Pope County,11277
Minnesota,Ramsey County,547903
Minnesota,Red Lake County,4046
Minnesota,Redwood County,15079
Minnesota,Renville County,14403
Minnesota,Rice County,67084
Minnesota,Rock County,9301
Minnesota,Roseau County,15117
Minnesota,St. Louis County,198538
Minnesota,Scott County,150689
Minnesota,Sherburne County,98811
Minnesota,Sibley County,14715
Minnesota,Stearns County,162038
Minnesota,Steele County,36596
Minnesota,Stevens County,9765
Minnesota,Swift County,9176
Minnesota,Todd County,24732
Minnesota,Traverse County,3218
Minnesota,Wabasha County,21642
Minnesota,Wadena County,13807
Minnesota,Waseca County,18550
Minnesota,Washington County,265476
Minnesota,Watonwan County,10792
Minnesota,Wilkin County,6161
Minnesota,Winona County,50485
Minnesota,Wright County,140249
Minnesota,Yellow Medicine County,9580
Mississippi,Adams County,30275
Mississippi,Alcorn County,36889
Mississippi,Amite County,12205
Mississippi,Attala County,18004
Mississippi,Benton County,8351
Mississippi,Bolivar County,30142
Mississippi,Calhoun County,14241
Mississippi,Carroll County,9732
Mississippi,Chickasaw County,16951
Mississippi,Choctaw County,8063
Mississippi,Claiborne County,8911
Mississippi,Clarke County,15299
Mississippi,Clay County,19352
Mississippi,Coahoma County,21564
Mississippi,Copiah County,27933
Mississippi,Covington County,18518
Mississippi,DeSoto County,188275
Mississippi,Forrest County,75009
Mississippi,Franklin County,7657
Mississippi,George County,24425
Mississippi,Greene County,13477
Mississippi,Grenada County,20610
Mississippi,Hancock County,48000
Mississippi,Harrison County,208801
Mississippi,Hinds County,227966
Mississippi,Holmes County,16726
Mississippi,Humphreys County,7827
Mississippi,Issaquena County,1220
Mississippi,Itawamba County,23261
Mississippi,Jackson County,143802
Mississippi,Jasper County,16332
Mississippi,Jefferson County,6997
Mississippi,Jefferson Davis County,10890
Mississippi,Jones County,67993
Mississippi,Kemper County,9521
Mississippi,Lafayette County,54408
Mississippi,Lamar County,64165
Mississippi,Lauderdale County,73751
Mississippi,Lawrence County,12480
Mississippi,Leake County,22741
Mississippi,Lee County,85466
Mississippi,Leflore County,27854
Mississippi,Lincoln County,33936
Mississippi,Lowndes County,58309
Mississippi,Madison County,106871
Mississippi,Marion County,24441
Mississippi,Marshall County,35301
Mississippi,Monroe County,35123
Mississippi,Montgomery County,9661
Mississippi,Neshoba County,28996
Mississippi,Newton County,20866
Mississippi,Noxubee County,10236
Mississippi,Oktibbeha County,49789
Mississippi,Panola County,33848
Mississippi,Pearl River County,55876
Mississippi,Perry County,11862
Mississippi,Pike County,38997
Mississippi,Pontotoc County,32461
Mississippi,Prentiss County,25013
Mississippi,Quitman County,6760
Mississippi,Rankin County,155975
Mississippi,Scott County,28061
Mississippi,Sharkey County,4160
Mississippi,Simpson County,26629
Mississippi,Smith County,15779
Mississippi,Stone County,18360
Mississippi,Sunflower County,24740
Mississippi,Tallahatchie County,13707
Mississippi,Tate County,28539
Mississippi,Tippah County,21748
Mississippi,Tishomingo County,19275
Mississippi,Tunica County,9392
Mississippi,Union County,28866
Mississippi,Walthall County,14294
Mississippi,Warren County,44841
Mississippi,Washington County,42837
Mississippi,Wayne County,20317
Mississippi,Webster County,9676
Mississippi,Wilkinson County,8351
Mississippi,Winston County,17845
Mississippi,Yalobusha County,11982
Mississippi,Yazoo County,26982
Missouri,Adair County,25399
Missouri,Andrew County,17586
Missouri,Atchison County,5096
Missouri,Audrain County,24835
Missouri,Barry County,35818
Missouri,Barton County,11592
Missouri,Bates County,16242
Missouri,Benton County,19627
Missouri,Bollinger County,12111
Missouri,Boone County,182991
Missouri,Buchanan County,86530
Missouri,Butler County,42178
Missouri,Caldwell County,9051
Missouri,Callaway County,44887
Missouri,Camden County,46414
Missouri,Cape Girardeau County,79512
Missouri,Carroll County,8554
Missouri,Carter County,5991
Missouri,Cass County,106806
Missouri,Cedar County,14322
Missouri,Chariton County,7360
Missouri,Christian County,90655
Missouri,Clark County,6830
Missouri,Clay County,253463
Missouri,Clinton County,20553
Missouri,Cole County,76191
Missouri,Cooper County,17102
Missouri,Crawford County,23739
Missouri,Dade County,7568
Missouri,Dallas County,17219
Missouri,Daviess County,8283
Missouri,DeKalb County,10944
Missouri,Dent County,15481
Missouri,Douglas County,13344
Missouri,Dunklin County,28878
Missouri,Franklin County,104469
Missouri,Gasconade County,14566
Missouri,Gentry County,6484
Missouri,Greene County,294997
Missouri,Grundy County,9595
Missouri,Harrison County,8321
Missouri,Henry County,22076
Missouri,Hickory County,9586
Missouri,Holt County,4232
Missouri,Howard County,10001
Missouri,Howell County,40262
Missouri,Iron County,10098
Missouri,Jackson County,705925
Missouri,Jasper County,121648
Missouri,Jefferson County,226543
Missouri,Johnson County,54219
Missouri,Knox County,3940
Missouri,Laclede County,35895
Missouri,Lafayette County,33006
Missouri,Lawrence County,38175
Missouri,Lewis County,9810
Missouri,Lincoln County,60119
Missouri,Linn County,11830
Missouri,Livingston County,14413
Missouri,McDonald County,22900
Missouri,Macon County,15095
Missouri,Madison County,12113
Missouri,Maries County,8795
Missouri,Marion County,28423
Missouri,Mercer County,3558
Missouri,Miller County,25791
Missouri,Mississippi County,12691
Missouri,Moniteau County,15585
Missouri,Monroe County,8672
Missouri,Montgomery County,11294
Missouri,Morgan County,20716
Missouri,New Madrid County,16693
Missouri,Newton County,58451
Missouri,Nodaway County,21743
Missouri,Oregon County,10411
Missouri,Osage County,13535
Missouri,Ozark County,9083
Missouri,Pemiscot County,15600
Missouri,Perry County,19194
Missouri,Pettis County,42490
Missouri,Phelps County,44414
Missouri,Pike County,17552
Missouri,Platte County,106532
Missouri,Polk County,32490
Missouri,Pulaski County,52709
Missouri,Putnam County,4688
Missouri,Ralls County,10299
Missouri,Randolph County,24409
Missouri,Ray County,22915
Missouri,Reynolds County,6198
Missouri,Ripley County,13300
Missouri,St. Charles County,406204
Missouri,St. Clair County,9689
Missouri,Ste. Genevieve County,17924
Missouri,St. Francois County,66485
Missouri,St. Louis County,994020
Missouri,Saline County,22858
Missouri,Schuyler County,4534
Missouri,Scotland County,4871
Missouri,Scott County,38288
Missouri,Shannon County,8203
Missouri,Shelby County,5919
Missouri,Stoddard County,29001
Missouri,Stone County,32465
Missouri,Sullivan County,6033
Missouri,Taney County,56104
Missouri,Texas County,25112
Missouri,Vernon County,20388
Missouri,Warren County,36594
Missouri,Washington County,24604
Missouri,Wayne County,12769
Missouri,Webster County,39859
Missouri,Worth County,1953
Missouri,Wright County,18325
Missouri,St. Louis city,297645
Montana,Beaverhead County,9483
Montana,Big Horn County,13063
Montana,Blaine County,6568
Montana,Broadwater County,6444
Montana,Carbon County,10921
Montana,Carter County,1235
Montana,Cascade County,81346
Montana,Chouteau County,5699
Montana,Custer County,11292
Montana,Daniels County,1638
Montana,Dawson County,8555
Montana,Deer Lodge County,9204
Montana,Fallon County,2826
Montana,Fergus County,11104
Montana,Flathead County,105851
Montana,Gallatin County,116806
Montana,Garfield County,1268
Montana,Glacier County,13594
Montana,Golden Valley County,827
Montana,Granite County,3317
Montana,Hill County,16358
Montana,Jefferson County,12360
Montana,Judith Basin County,1994
Montana,Lake County,30986
Montana,Lewis and Clark County,70229
Montana,Liberty County,2369
Montana,Lincoln County,20343
Montana,McCone County,1648
Montana,Madison County,8959
Montana,Meagher County,1831
Montana,Mineral County,4544
Montana,Missoula County,121630
Montana,Musselshell County,4669
Montana,Park County,16760
Montana,Petroleum County,500
Montana,Phillips County,3919
Montana,Pondera County,5782
Montana,Powder River County,1681
Montana,Powell County,6817
Montana,Prairie County,1067
Montana,Ravalli County,45002
Montana,Richland County,11043
Montana,Roosevelt County,10964
Montana,Rosebud County,8836
Montana,Sanders County,12157
Montana,Sheridan County,3261
Montana,Silver Bow County,35180
Montana,Stillwater County,9888
Montana,Sweet Grass County,3684
Montana,Teton County,6249
Montana,Toole County,4686
Montana,Treasure County,695
Montana,Valley County,7359
Montana,Wheatland County,2157
Montana,Wibaux County,939
Montana,Yellowstone County,162990
Nebraska,Adams County,31321
Nebraska,Antelope County,6264
Nebraska,Arthur County,466
Nebraska,Banner County,786
Nebraska,Blaine County,457
Nebraska,Boone County,5096
Nebraska,Box Butte County,10696
Nebraska,Boyd County,1860
Nebraska,Brown County,2981
Nebraska,Buffalo County,50114
Nebraska,Burt County,6477
Nebraska,Butler County,7960
Nebraska,Cass County,26232
Nebraska,Cedar County,8414
Nebraska,Chase County,3840
Nebraska,Cherry County,5781
Nebraska,Cheyenne County,9111
Nebraska,Clay County,6216
Nebraska,Colfax County,10587
Nebraska,Cuming County,8798
Nebraska,Custer County,10626
Nebraska,Dakota County,20070
Nebraska,Dawes County,8361
Nebraska,Dawson County,23510
Nebraska,Deuel County,1793
Nebraska,Dixon County,5596
Nebraska,Dodge County,36222
Nebraska,Douglas County,574332
Nebraska,Dundy County,1671
Nebraska,Fillmore County,5519
Nebraska,Franklin County,2940
Nebraska,Frontier County,2587
Nebraska,Furnas County,4653
Nebraska,Gage County,21431
Nebraska,Garden County,1847
Nebraska,Garfield County,1956
Nebraska,Gosper County,1986
Nebraska,Grant County,630
Nebraska,Greeley County,2319
Nebraska,Hall County,61028
Nebraska,Hamilton County,9237
Nebraska,Harlan County,3311
Nebraska,Hayes County,916
Nebraska,Hitchcock County,2773
Nebraska,Holt County,9956
Nebraska,Hooker County,647
Nebraska,Howard County,6488
Nebraska,Jefferson County,7099
Nebraska,Johnson County,5057
Nebraska,Kearney County,6652
Nebraska,Keith County,7983
Nebraska,Keya Paha County,759
Nebraska,Kimball County,3495
Nebraska,Knox County,8304
Nebraska,Lancaster County,320650
Nebraska,Lincoln County,34347
Nebraska,Logan County,747
Nebraska,Loup County,650
Nebraska,McPherson County,474
Nebraska,Madison County,34813
Nebraska,Merrick County,7809
Nebraska,Morrill County,4625
Nebraska,Nance County,3532
Nebraska,Nemaha County,7044
Nebraska,Nuckolls County,4134
Nebraska,Otoe County,15965
Nebraska,Pawnee County,2601
Nebraska,Perkins County,2867
Nebraska,Phelps County,9006
Nebraska,Pierce County,7184
Nebraska,Platte County,33364
Nebraska,Polk County,5201
Nebraska,Red Willow County,10627
Nebraska,Richardson County,7791
Nebraska,Rock County,1377
Nebraska,Saline County,13987
Nebraska,Sarpy County,188856
Nebraska,Saunders County,21927
Nebraska,Scotts Bluff County,35299
Nebraska,Seward County,17186
Nebraska,Sheridan County,5150
Nebraska,Sherman County,2986
Nebraska,Sioux County,1200
Nebraska,Stanton County,5880
Nebraska,Thayer County,4887
Nebraska,Thomas County,739
Nebraska,Thurston County,7220
Nebraska,Valley County,4103
Nebraska,Washington County,20901
Nebraska,Wayne County,9492
Nebraska,Webster County,3419
Nebraska,Wheeler County,790
Nebraska,York County,13511
Nevada,Churchill County,25363
Nevada,Clark County,2315963
Nevada,Douglas County,49088
Nevada,Elko County,53006
Nevada,Esmeralda County,886
Nevada,Eureka County,2065
Nevada,Humboldt County,16962
Nevada,Lander County,5514
Nevada,Lincoln County,5159
Nevada,Lyon County,58319
Nevada,Mineral County,4518
Nevada,Nye County,48054
Nevada,Pershing County,6573
Nevada,Storey County,4207
Nevada,Washoe County,477082
Nevada,White Pine County,9466
Nevada,Carson City,56034
New Hampshire,Belknap County,61551
New Hampshire,Carroll County,49167
New Hampshire,Cheshire County,76228
New Hampshire,Coos County,31174
New Hampshire,Grafton County,90691
New Hampshire,Hillsborough County,418735
New Hampshire,Merrimack County,152622
New Hampshire,Rockingham County,311307
New Hampshire,Strafford County,131533
New Hampshire,Sullivan County,43267
New Jersey,Atlantic County,262945
New Jersey,Bergen County,930394
New Jersey,Burlington County,446596
New Jersey,Camden County,506809
New Jersey,Cape May County,91546
New Jersey,Cumberland County,147008
New Jersey,Essex County,800501
New Jersey,Gloucester County,293245
New Jersey,Hudson County,671666
New Jersey,Hunterdon County,124797
New Jersey,Mercer County,367239
New Jersey,Middlesex County,822736
New Jersey,Monmouth County,618381
New Jersey,Morris County,491087
New Jersey,Ocean County,614237
New Jersey,Passaic County,500382
New Jersey,Salem County,62451
New Jersey,Somerset County,329331
New Jersey,Sussex County,140002
New Jersey,Union County,555394
New Jersey,Warren County,105624
New Mexico,Bernalillo County,681666
New Mexico,Catron County,3623
New Mexico,Chaves County,64711
New Mexico,Cibola County,26354
New Mexico,Colfax County,11927
New Mexico,Curry County,48793
New Mexico,De Baca County,1673
New Mexico,Doa Ana County,221262
New Mexico,Eddy County,58418
New Mexico,Grant County,27007
New Mexico,Guadalupe County,4275
New Mexico,Harding County,638
New Mexico,Hidalgo County,4106
New Mexico,Lea County,71830
New Mexico,Lincoln County,19939
New Mexico,Los Alamos County,19462
New Mexico,Luna County,23905
New Mexico,McKinley County,70824
New Mexico,Mora County,4478
New Mexico,Otero County,67967
New Mexico,Quay County,8197
New Mexico,Rio Arriba County,38521
New Mexico,Roosevelt County,18350
New Mexico,Sandoval County,148904
New Mexico,San Juan County,123312
New Mexico,San Miguel County,27144
New Mexico,Santa Fe County,151946
New Mexico,Sierra County,10867
New Mexico,Socorro County,16541
New Mexico,Taos County,32593
New Mexico,Torrance County,15486
New Mexico,Union County,4026
New Mexico,Valencia County,77574
New York,Albany County,303654
New York,Allegany County,45587
New York,Bronx County,1401142
New York,Broome County,189420
New York,Cattaraugus County,75863
New York,Cayuga County,76029
New York,Chautauqua County,126032
New York,Chemung County,82622
New York,Chenango County,46730
New York,Clinton County,79778
New York,Columbia County,59534
New York,Cortland County,47173
New York,Delaware County,43938
New York,Dutchess County,293293
New York,Erie County,917241
New York,Essex County,36891
New York,Franklin County,49965
New York,Fulton County,52812
New York,Genesee County,56994
New York,Greene County,47177
New York,Hamilton County,4345
New York,Herkimer County,60945
New York,Jefferson County,108095
New York,Kings County,2538934
New York,Lewis County,26187
New York,Livingston County,62398
New York,Madison County,70478
New York,Monroe County,740900
New York,Montgomery County,49170
New York,Nassau County,1351334
New York,New York County,1611989
New York,Niagara County,208396
New York,Oneida County,227346
New York,Onondaga County,459214
New York,Ontario County,110091
New York,Orange County,385234
New York,Orleans County,39978
New York,Oswego County,116346
New York,Otsego County,58701
New York,Putnam County,98532
New York,Queens County,2225821
New York,Rensselaer County,158108
New York,Richmond County,475327
New York,Rockland County,326225
New York,St. Lawrence County,107185
New York,Saratoga County,230298
New York,Schenectady County,155358
New York,Schoharie County,31132
New York,Schuyler County,17685
New York,Seneca County,33991
New York,Steuben County,94657
New York,Suffolk County,1474273
New York,Sullivan County,75802
New York,Tioga County,47904
New York,Tompkins County,101058
New York,Ulster County,177716
New York,Warren County,63756
New York,Washington County,60606
New York,Wayne County,89339
New York,Westchester County,965802
New York,Wyoming County,39465
New York,Yates County,24780
North Carolina,Alamance County,171346
North Carolina,Alexander County,37441
North Carolina,Alleghany County,11194
North Carolina,Anson County,24097
North Carolina,Ashe County,27166
North Carolina,Avery County,17571
North Carolina,Beaufort County,47073
North Carolina,Bertie County,18712
North Carolina,Bladen County,32911
North Carolina,Brunswick County,149039
North Carolina,Buncombe County,263477
North Carolina,Burke County,90418
North Carolina,Cabarrus County,221479
North Carolina,Caldwell County,82100
North Carolina,Camden County,10984
North Carolina,Carteret County,69558
North Carolina,Caswell County,22443
North Carolina,Catawba County,160307
North Carolina,Chatham County,75748
North Carolina,Cherokee County,29073
North Carolina,Chowan County,13815
North Carolina,Clay County,11505
North Carolina,Cleveland County,99035
North Carolina,Columbus County,54754
North Carolina,Craven County,101233
North Carolina,Cumberland County,336364
North Carolina,Currituck County,29052
North Carolina,Dare County,37547
North Carolina,Davidson County,169234
North Carolina,Davie County,43286
North Carolina,Duplin County,58794
North Carolina,Durham County,327306
North Carolina,Edgecombe County,50829
North Carolina,Forsyth County,383843
North Carolina,Franklin County,71859
North Carolina,Gaston County,226568
North Carolina,Gates County,11464
North Carolina,Graham County,8474
North Carolina,Granville County,60486
North Carolina,Greene County,20928
North Carolina,Guilford County,540521
North Carolina,Halifax County,49479
North Carolina,Harnett County,137058
North Carolina,Haywood County,62972
North Carolina,Henderson County,118445
North Carolina,Hertford County,23108
North Carolina,Hoke County,55830
North Carolina,Hyde County,4843
North Carolina,Iredell County,185770
North Carolina,Jackson County,44033
North Carolina,Johnston County,216246
North Carolina,Jones County,9250
North Carolina,Lee County,62353
North Carolina,Lenoir County,55720
North Carolina,Lincoln County,88097
North Carolina,McDowell County,45782
North Carolina,Macon County,35994
North Carolina,Madison County,21740
North Carolina,Martin County,22178
North Carolina,Mecklenburg County,1128945
North Carolina,Mitchell County,14881
North Carolina,Montgomery County,27238
North Carolina,Moore County,103352
North Carolina,Nash County,94859
North Carolina,New Hanover County,236613
North Carolina,Northampton County,19088
North Carolina,Onslow County,203943
North Carolina,Orange County,149077
North Carolina,Pamlico County,12715
North Carolina,Pasquotank County,40372
North Carolina,Pender County,64671
North Carolina,Perquimans County,13667
North Carolina,Person County,39925
North Carolina,Pitt County,182924
North Carolina,Polk County,21030
North Carolina,Randolph County,144557
North Carolina,Richmond County,44332
North Carolina,Robeson County,129999
North Carolina,Rockingham County,91285
North Carolina,Rowan County,142495
North Carolina,Rutherford County,67076
North Carolina,Sampson County,63382
North Carolina,Scotland County,34637
North Carolina,Stanly County,63239
North Carolina,Stokes County,45743
North Carolina,Surry County,71683
North Carolina,Swain County,14179
North Carolina,Transylvania County,34498
North Carolina,Tyrrell County,3774
North Carolina,Union County,244562
North Carolina,Vance County,44718
North Carolina,Wake County,1132271
North Carolina,Warren County,19522
North Carolina,Washington County,11485
North Carolina,Watauga County,56441
North Carolina,Wayne County,123967
North Carolina,Wilkes County,68043
North Carolina,Wilson County,81979
North Carolina,Yadkin County,37625
North Carolina,Yancey County,18099
North Dakota,Adams County,2188
North Dakota,Barnes County,10402
North Dakota,Benson County,6762
North Dakota,Billings County,890
North Dakota,Bottineau County,6287
North Dakota,Bowman County,2986
North Dakota,Burke County,2118
North Dakota,Burleigh County,96212
North Dakota,Cass County,183904
North Dakota,Cavalier County,3713
North Dakota,Dickey County,4705
North Dakota,Divide County,2277
North Dakota,Dunn County,4465
North Dakota,Eddy County,2179
North Dakota,Emmons County,3187
North Dakota,Foster County,3165
North Dakota,Golden Valley County,1737
North Dakota,Grand Forks County,69481
North Dakota,Grant County,2215
North Dakota,Griggs County,2207
North Dakota,Hettinger County,2438
North Dakota,Kidder County,2458
North Dakota,LaMoure County,4033
North Dakota,Logan County,1880
North Dakota,McHenry County,5695
North Dakota,McIntosh County,2440
North Dakota,McKenzie County,15242
North Dakota,McLean County,9416
North Dakota,Mercer County,8174
North Dakota,Morton County,31503
North Dakota,Mountrail County,10502
North Dakota,Nelson County,2789
North Dakota,Oliver County,1926
North Dakota,Pembina County,6658
North Dakota,Pierce County,3928
North Dakota,Ramsey County,11388
North Dakota,Ransom County,5173
North Dakota,Renville County,2283
North Dakota,Richland County,16156
North Dakota,Rolette County,14165
North Dakota,Sargent County,3913
North Dakota,Sheridan County,1275
North Dakota,Sioux County,4173
North Dakota,Slope County,747
North Dakota,Stark County,32107
North Dakota,Steele County,1890
North Dakota,Stutsman County,20498
North Dakota,Towner County,2108
North Dakota,Traill County,7959
North Dakota,Walsh County,10437
North Dakota,Ward County,68466
North Dakota,Wells County,3709
North Dakota,Williams County,38700
Ohio,Adams County,27531
Ohio,Allen County,101980
Ohio,Ashland County,53362
Ohio,Ashtabula County,96513
Ohio,Athens County,65481
Ohio,Auglaize County,45680
Ohio,Belmont County,65932
Ohio,Brown County,43414
Ohio,Butler County,385648
Ohio,Carroll County,26897
Ohio,Champaign County,38960
Ohio,Clark County,133593
Ohio,Clermont County,207449
Ohio,Clinton County,41921
Ohio,Columbiana County,101118
Ohio,Coshocton County,36449
Ohio,Crawford County,41338
Ohio,Cuyahoga County,1227883
Ohio,Darke County,51205
Ohio,Defiance County,37778
Ohio,Delaware County,213554
Ohio,Erie County,73719
Ohio,Fairfield County,159709
Ohio,Fayette County,28579
Ohio,Franklin County,1324624
Ohio,Fulton County,41889
Ohio,Gallia County,29802
Ohio,Geauga County,93271
Ohio,Greene County,170122
Ohio,Guernsey County,38779
Ohio,Hamilton County,817985
Ohio,Hancock County,75407
Ohio,Hardin County,31469
Ohio,Harrison County,15014
Ohio,Henry County,26904
Ohio,Highland County,43304
Ohio,Hocking County,28095
Ohio,Holmes County,44004
Ohio,Huron County,57979
Ohio,Jackson County,32493
Ohio,Jefferson County,64939
Ohio,Knox County,62423
Ohio,Lake County,229569
Ohio,Lawrence County,59091
Ohio,Licking County,178100
Ohio,Logan County,45326
Ohio,Lorain County,312172
Ohio,Lucas County,428294
Ohio,Madison County,44559
Ohio,Mahoning County,226075
Ohio,Marion County,64820
Ohio,Medina County,180912
Ohio,Meigs County,22678
Ohio,Mercer County,41274
Ohio,Miami County,107516
Ohio,Monroe County,13586
Ohio,Montgomery County,531610
Ohio,Morgan County,14305
Ohio,Morrow County,35411
Ohio,Muskingum County,86020
Ohio,Noble County,14364
Ohio,Ottawa County,40253
Ohio,Paulding County,18648
Ohio,Perry County,36215
Ohio,Pickaway County,58658
Ohio,Pike County,27695
Ohio,Portage County,162583
Ohio,Preble County,40836
Ohio,Putnam County,33654
Ohio,Richland County,120891
Ohio,Ross County,76420
Ohio,Sandusky County,58351
Ohio,Scioto County,74347
Ohio,Seneca County,54938
Ohio,Shelby County,48337
Ohio,Stark County,369772
Ohio,Summit County,538866
Ohio,Trumbull County,196800
Ohio,Tuscarawas County,91776
Ohio,Union County,60021
Ohio,Van Wert County,28159
Ohio,Vinton County,12972
Ohio,Warren County,238412
Ohio,Washington County,59652
Ohio,Wayne County,115694
Ohio,Williams County,36565
Ohio,Wood County,131113
Ohio,Wyandot County,21711
Oklahoma,Adair County,21955
Oklahoma,Alfalfa County,5718
Oklahoma,Atoka County,13912
Oklahoma,Beaver County,5207
Oklahoma,Beckham County,21468
Oklahoma,Blaine County,9447
Oklahoma,Bryan County,48998
Oklahoma,Caddo County,28684
Oklahoma,Canadian County,153192
Oklahoma,Carter County,48353
Oklahoma,Cherokee County,49019
Oklahoma,Choctaw County,14646
Oklahoma,Cimarron County,2145
Oklahoma,Cleveland County,287066
Oklahoma,Coal County,5587
Oklahoma,Comanche County,121099
Oklahoma,Cotton County,5676
Oklahoma,Craig County,14194
Oklahoma,Creek County,71485
Oklahoma,Custer County,28648
Oklahoma,Delaware County,43136
Oklahoma,Dewey County,4815
Oklahoma,Ellis County,3830
Oklahoma,Garfield County,60869
Oklahoma,Garvin County,27691
Oklahoma,Grady County,55906
Oklahoma,Grant County,4372
Oklahoma,Greer County,5704
Oklahoma,Harmon County,2557
Oklahoma,Harper County,3611
Oklahoma,Haskell County,12652
Oklahoma,Hughes County,13126
Oklahoma,Jackson County,24305
Oklahoma,Jefferson County,5949
Oklahoma,Johnston County,10824
Oklahoma,Kay County,43274
Oklahoma,Kingfisher County,15806
Oklahoma,Kiowa County,8741
Oklahoma,Latimer County,10132
Oklahoma,Le Flore County,49935
Oklahoma,Lincoln County,35045
Oklahoma,Logan County,48777
Oklahoma,Love County,10230
Oklahoma,McClain County,41348
Oklahoma,McCurtain County,32772
Oklahoma,McIntosh County,19635
Oklahoma,Major County,7579
Oklahoma,Marshall County,17114
Oklahoma,Mayes County,41152
Oklahoma,Murray County,13955
Oklahoma,Muskogee County,67610
Oklahoma,Noble County,11113
Oklahoma,Nowata County,10076
Oklahoma,Okfuskee County,11765
Oklahoma,Oklahoma County,804041
Oklahoma,Okmulgee County,38234
Oklahoma,Osage County,46642
Oklahoma,Ottawa County,30879
Oklahoma,Pawnee County,16381
Oklahoma,Payne County,81755
Oklahoma,Pittsburg County,43679
Oklahoma,Pontotoc County,38397
Oklahoma,Pottawatomie County,72998
Oklahoma,Pushmataha County,10970
Oklahoma,Roger Mills County,3570
Oklahoma,Rogers County,93155
Oklahoma,Seminole County,24248
Oklahoma,Sequoyah County,41538
Oklahoma,Stephens County,43100
Oklahoma,Texas County,19997
Oklahoma,Tillman County,7229
Oklahoma,Tulsa County,657589
Oklahoma,Wagoner County,82925
Oklahoma,Washington County,52222
Oklahoma,Washita County,10830
Oklahoma,Woods County,8687
Oklahoma,Woodward County,19812
Oregon,Baker County,16284
Oregon,Benton County,93239
Oregon,Clackamas County,421596
Oregon,Clatsop County,40423
Oregon,Columbia County,52876
Oregon,Coos County,64711
Oregon,Crook County,25105
Oregon,Curry County,23305
Oregon,Deschutes County,201769
Oregon,Douglas County,111364
Oregon,Gilliam County,1975
Oregon,Grant County,7180
Oregon,Harney County,7373
Oregon,Hood River County,23280
Oregon,Jackson County,221844
Oregon,Jefferson County,24856
Oregon,Josephine County,88053
Oregon,Klamath County,68739
Oregon,Lake County,7949
Oregon,Lane County,382986
Oregon,Lincoln County,50583
Oregon,Linn County,131054
Oregon,Malheur County,30983
Oregon,Marion County,349204
Oregon,Morrow County,11700
Oregon,Multnomah County,815637
Oregon,Polk County,87744
Oregon,Sherman County,1801
Oregon,Tillamook County,27442
Oregon,Umatilla County,77752
Oregon,Union County,26551
Oregon,Wallowa County,7181
Oregon,Wasco County,26403
Oregon,Washington County,603514
Oregon,Wheeler County,1387
Oregon,Yamhill County,107664
Pennsylvania,Adams County,102742
Pennsylvania,Allegheny County,1211358
Pennsylvania,Armstrong County,64162
Pennsylvania,Beaver County,162575
Pennsylvania,Bedford County,47817
Pennsylvania,Berks County,421017
Pennsylvania,Blair County,121007
Pennsylvania,Bradford County,60221
Pennsylvania,Bucks County,627987
Pennsylvania,Butler County,189135
Pennsylvania,Cambria County,128672
Pennsylvania,Cameron County,4330
Pennsylvania,Carbon County,64081
Pennsylvania,Centre County,161496
Pennsylvania,Chester County,526759
Pennsylvania,Clarion County,38305
Pennsylvania,Clearfield County,78612
Pennsylvania,Clinton County,37957
Pennsylvania,Columbia County,64842
Pennsylvania,Crawford County,83697
Pennsylvania,Cumberland County,255857
Pennsylvania,Dauphin County,279874
Pennsylvania,Delaware County,566753
Pennsylvania,Elk County,29607
Pennsylvania,Erie County,268426
Pennsylvania,Fayette County,128126
Pennsylvania,Forest County,6965
Pennsylvania,Franklin County,155637
Pennsylvania,Fulton County,14501
Pennsylvania,Greene County,35621
Pennsylvania,Huntingdon County,44590
Pennsylvania,Indiana County,83664
Pennsylvania,Jefferson County,43108
Pennsylvania,Juniata County,24619
Pennsylvania,Lackawanna County,208989
Pennsylvania,Lancaster County,546192
Pennsylvania,Lawrence County,85083
Pennsylvania,Lebanon County,141663
Pennsylvania,Lehigh County,370802
Pennsylvania,Luzerne County,316982
Pennsylvania,Lycoming County,113209
Pennsylvania,McKean County,40333
Pennsylvania,Mercer County,108545
Pennsylvania,Mifflin County,46064
Pennsylvania,Monroe County,170154
Pennsylvania,Montgomery County,833869
Pennsylvania,Montour County,18042
Pennsylvania,Northampton County,305892
Pennsylvania,Northumberland County,90258
Pennsylvania,Perry County,46212
Pennsylvania,Philadelphia County,1578487
Pennsylvania,Pike County,56072
Pennsylvania,Potter County,16453
Pennsylvania,Schuylkill County,140709
Pennsylvania,Snyder County,40317
Pennsylvania,Somerset County,72916
Pennsylvania,Sullivan County,5913
Pennsylvania,Susquehanna County,40006
Pennsylvania,Tioga County,40381
Pennsylvania,Union County,44294
Pennsylvania,Venango County,50328
Pennsylvania,Warren County,38911
Pennsylvania,Washington County,206803
Pennsylvania,Wayne County,51163
Pennsylvania,Westmoreland County,347087
Pennsylvania,Wyoming County,26557
Pennsylvania,York County,450448
Rhode Island,Bristol County,48350
Rhode Island,Kent County,164646
Rhode Island,Newport County,81836
Rhode Island,Providence County,636547
Rhode Island,Washington County,125746
South Carolina,Abbeville County,24404
South Carolina,Aiken County,172895
South Carolina,Allendale County,8331
South Carolina,Anderson County,204353
South Carolina,Bamberg County,13906
South Carolina,Barnwell County,20805
South Carolina,Beaufort County,195656
South Carolina,Berkeley County,235987
South Carolina,Calhoun County,14554
South Carolina,Charleston County,417981
South Carolina,Cherokee County,57316
South Carolina,Chester County,32232
South Carolina,Chesterfield County,45606
South Carolina,Clarendon County,33415
South Carolina,Colleton County,37481
South Carolina,Darlington County,66509
South Carolina,Dillon County,30367
South Carolina,Dorchester County,165737
South Carolina,Edgefield County,27120
South Carolina,Fairfield County,22059
South Carolina,Florence County,137588
South Carolina,Georgetown County,63353
South Carolina,Greenville County,532486
South Carolina,Greenwood County,71074
South Carolina,Hampton County,18053
South Carolina,Horry County,365449
South Carolina,Jasper County,31588
South Carolina,Kershaw County,67472
South Carolina,Lancaster County,100926
South Carolina,Laurens County,67883
South Carolina,Lee County,16701
South Carolina,Lexington County,303946
South Carolina,McCormick County,9430
South Carolina,Marion County,30158
South Carolina,Marlboro County,25581
South Carolina,Newberry County,38445
South Carolina,Oconee County,80015
South Carolina,Orangeburg County,85343
South Carolina,Pickens County,127983
South Carolina,Richland County,419051
South Carolina,Saluda County,20315
South Carolina,Spartanburg County,326205
South Carolina,Sumter County,106360
South Carolina,Union County,26991
South Carolina,Williamsburg County,29825
South Carolina,York County,289105
South Dakota,Aurora County,2730
South Dakota,Beadle County,18513
South Dakota,Bennett County,3399
South Dakota,Bon Homme County,6848
South Dakota,Brookings County,35603
South Dakota,Brown County,38738
South Dakota,Brule County,5254
South Dakota,Buffalo County,1956
South Dakota,Butte County,10538
South Dakota,Campbell County,1380
South Dakota,Charles Mix County,9262
South Dakota,Clark County,3802
South Dakota,Clay County,14246
South Dakota,Codington County,28186
South Dakota,Corson County,4031
South Dakota,Custer County,9017
South Dakota,Davison County,19812
South Dakota,Day County,5345
South Dakota,Deuel County,4346
South Dakota,Dewey County,5789
South Dakota,Douglas County,2906
South Dakota,Edmunds County,3817
South Dakota,Fall River County,6708
South Dakota,Faulk County,2306
South Dakota,Grant County,7000
South Dakota,Gregory County,4219
South Dakota,Haakon County,1861
South Dakota,Hamlin County,6234
South Dakota,Hand County,3127
South Dakota,Hanson County,3489
South Dakota,Harding County,1311
South Dakota,Hughes County,17336
South Dakota,Hutchinson County,7282
South Dakota,Hyde County,1281
South Dakota,Jackson County,3321
South Dakota,Jerauld County,1985
South Dakota,Jones County,938
South Dakota,Kingsbury County,4987
South Dakota,Lake County,12488
South Dakota,Lawrence County,26221
South Dakota,Lincoln County,63019
South Dakota,Lyman County,3797
South Dakota,McCook County,5520
South Dakota,McPherson County,2363
South Dakota,Marshall County,4884
South Dakota,Meade County,28588
South Dakota,Mellette County,2089
South Dakota,Miner County,2202
South Dakota,Minnehaha County,196659
South Dakota,Moody County,6525
South Dakota,Oglala Lakota County,14070
South Dakota,Pennington County,115926
South Dakota,Perkins County,2832
South Dakota,Potter County,2163
South Dakota,Roberts County,10331
South Dakota,Sanborn County,2322
South Dakota,Spink County,6319
South Dakota,Stanley County,3121
South Dakota,Sully County,1391
South Dakota,Todd County,10313
South Dakota,Tripp County,5377
South Dakota,Turner County,8368
South Dakota,Union County,16192
South Dakota,Walworth County,5336
South Dakota,Yankton County,22742
South Dakota,Ziebach County,2656
Tennessee,Anderson County,77558
Tennessee,Bedford County,50179
Tennessee,Benton County,16131
Tennessee,Bledsoe County,15223
Tennessee,Blount County,134751
Tennessee,Bradley County,109071
Tennessee,Campbell County,39837
Tennessee,Cannon County,14847
Tennessee,Carroll County,27779
Tennessee,Carter County,56418
Tennessee,Cheatham County,41101
Tennessee,Chester County,17432
Tennessee,Claiborne County,32023
Tennessee,Clay County,7629
Tennessee,Cocke County,36225
Tennessee,Coffee County,57632
Tennessee,Crockett County,14180
Tennessee,Cumberland County,61603
Tennessee,Davidson County,694176
Tennessee,Decatur County,11601
Tennessee,DeKalb County,20837
Tennessee,Dickson County,54376
Tennessee,Dyer County,36693
Tennessee,Fayette County,41620
Tennessee,Fentress County,18787
Tennessee,Franklin County,42485
Tennessee,Gibson County,49159
Tennessee,Giles County,29530
Tennessee,Grainger County,23565
Tennessee,Greene County,69571
Tennessee,Grundy County,13485
Tennessee,Hamblen County,65110
Tennessee,Hamilton County,371662
Tennessee,Hancock County,6493
Tennessee,Hardeman County,24836
Tennessee,Hardin County,25583
Tennessee,Hawkins County,56775
Tennessee,Haywood County,17002
Tennessee,Henderson County,28076
Tennessee,Henry County,32056
Tennessee,Hickman County,25387
Tennessee,Houston County,8292
Tennessee,Humphreys County,18590
Tennessee,Jackson County,11864
Tennessee,Jefferson County,55307
Tennessee,Johnson County,17849
Tennessee,Knox County,475609
Tennessee,Lake County,6988
Tennessee,Lauderdale County,25451
Tennessee,Lawrence County,44432
Tennessee,Lewis County,12363
Tennessee,Lincoln County,34540
Tennessee,Loudon County,54910
Tennessee,McMinn County,54208
Tennessee,McNairy County,25696
Tennessee,Macon County,24827
Tennessee,Madison County,98360
Tennessee,Marion County,28924
Tennessee,Marshall County,35016
Tennessee,Maury County,99590
Tennessee,Meigs County,12532
Tennessee,Monroe County,47177
Tennessee,Montgomery County,214251
Tennessee,Moore County,6438
Tennessee,Morgan County,21431
Tennessee,Obion County,30131
Tennessee,Overton County,22566
Tennessee,Perry County,8099
Tennessee,Pickett County,5061
Tennessee,Polk County,16835
Tennessee,Putnam County,80929
Tennessee,Rhea County,33443
Tennessee,Roane County,53841
Tennessee,Robertson County,72275
Tennessee,Rutherford County,339261
Tennessee,Scott County,22090
Tennessee,Sequatchie County,15176
Tennessee,Sevier County,99244
Tennessee,Shelby County,936017
Tennessee,Smith County,20285
Tennessee,Stewart County,13859
Tennessee,Sullivan County,158755
Tennessee,Sumner County,195561
Tennessee,Tipton County,61918
Tennessee,Trousdale County,11455
Tennessee,Unicoi County,17755
Tennessee,Union County,20187
Tennessee,Van Buren County,5947
Tennessee,Warren County,41605
Tennessee,Washington County,130367
Tennessee,Wayne County,16524
Tennessee,Weakley County,33334
Tennessee,White County,27707
Tennessee,Williamson County,245348
Tennessee,Wilson County,148130
Texas,Anderson County,57805
Texas,Andrews County,18879
Texas,Angelina County,86796
Texas,Aransas County,23814
Texas,Archer County,8730
Texas,Armstrong County,1869
Texas,Atascosa County,51724
Texas,Austin County,29972
Texas,Bailey County,6697
Texas,Bandera County,23861
Texas,Bastrop County,91601
Texas,Baylor County,3518
Texas,Bee County,32513
Texas,Bell County,369927
Texas,Bexar County,2026823
Texas,Blanco County,12269
Texas,Borden County,706
Texas,Bosque County,18603
Texas,Bowie County,93481
Texas,Brazoria County,380518
Texas,Brazos County,232555
Texas,Brewster County,9237
Texas,Briscoe County,1487
Texas,Brooks County,6964
Texas,Brown County,37633
Texas,Burleson County,18514
Texas,Burnet County,49653
Texas,Caldwell County,43979
Texas,Calhoun County,21001
Texas,Callahan County,14110
Texas,Cameron County,424180
Texas,Camp County,13060
Texas,Carson County,5854
Texas,Cass County,29879
Texas,Castro County,7396
Texas,Chambers County,45590
Texas,Cherokee County,52875
Texas,Childress County,7143
Texas,Clay County,10550
Texas,Cochran County,2897
Texas,Coke County,3323
Texas,Coleman County,8100
Texas,Collin County,1072069
Texas,Collingsworth County,2877
Texas,Colorado County,21610
Texas,Comal County,164812
Texas,Comanche County,13750
Texas,Concho County,2827
Texas,Cooke County,41393
Texas,Coryell County,76737
Texas,Cottle County,1363
Texas,Crane County,4765
Texas,Crockett County,3513
Texas,Crosby County,5567
Texas,Culberson County,2149
Texas,Dallam County,7273
Texas,Dallas County,2635888
Texas,Dawson County,12974
Texas,Deaf Smith County,18277
Texas,Delta County,5349
Texas,Denton County,919324
Texas,DeWitt County,20174
Texas,Dickens County,2140
Texas,Dimmit County,9925
Texas,Donley County,3308
Texas,Duval County,11058
Texas,Eastland County,18388
Texas,Ector County,167701
Texas,Edwards County,1923
Texas,Ellis County,191760
Texas,El Paso County,841286
Texas,Erath County,43224
Texas,Falls County,17275
Texas,Fannin County,35913
Texas,Fayette County,25547
Texas,Fisher County,3784
Texas,Floyd County,5672
Texas,Foard County,1135
Texas,Fort Bend County,839706
Texas,Franklin County,10821
Texas,Freestone County,19874
Texas,Frio County,20379
Texas,Gaines County,21996
Texas,Galveston County,345089
Texas,Garza County,6222
Texas,Gillespie County,26960
Texas,Glasscock County,1439
Texas,Goliad County,7626
Texas,Gonzales County,20948
Texas,Gray County,21658
Texas,Grayson County,138318
Texas,Gregg County,124229
Texas,Grimes County,29614
Texas,Guadalupe County,170608
Texas,Hale County,32754
Texas,Hall County,2939
Texas,Hamilton County,8557
Texas,Hansford County,5279
Texas,Hardeman County,4011
Texas,Hardin County,58305
Texas,Harris County,4738253
Texas,Harrison County,66386
Texas,Hartley County,5443
Texas,Haskell County,5754
Texas,Hays County,241365
Texas,Hemphill County,3777
Texas,Henderson County,83792
Texas,Hidalgo County,875200
Texas,Hill County,37006
Texas,Hockley County,22921
Texas,Hood County,63527
Texas,Hopkins County,37170
Texas,Houston County,22835
Texas,Howard County,36540
Texas,Hudspeth County,4906
Texas,Hunt County,99807
Texas,Hutchinson County,20677
Texas,Irion County,1564
Texas,Jack County,9056
Texas,Jackson County,14854
Texas,Jasper County,35375
Texas,Jeff Davis County,2220
Texas,Jefferson County,250127
Texas,Jim Hogg County,5184
Texas,Jim Wells County,40452
Texas,Johnson County,179575
Texas,Jones County,19875
Texas,Karnes County,15562
Texas,Kaufman County,143198
Texas,Kendall County,48523
Texas,Kenedy County,379
Texas,Kent County,786
Texas,Kerr County,52869
Texas,Kimble County,4396
Texas,King County,283
Texas,Kinney County,3670
Texas,Kleberg County,30338
Texas,Knox County,3683
Texas,Lamar County,49905
Texas,Lamb County,12710
Texas,Lampasas County,21789
Texas,La Salle County,7500
Texas,Lavaca County,20216
Texas,Lee County,17397
Texas,Leon County,17493
Texas,Liberty County,91547
Texas,Limestone County,23340
Texas,Lipscomb County,3111
Texas,Live Oak County,12324
Texas,Llano County,21958
Texas,Loving County,181
Texas,Lubbock County,314772
Texas,Lynn County,6025
Texas,McCulloch County,7823
Texas,McLennan County,259730
Texas,McMullen County,721
Texas,Madison County,14427
Texas,Marion County,9960
Texas,Martin County,5816
Texas,Mason County,4344
Texas,Matagorda County,36725
Texas,Maverick County,58378
Texas,Medina County,52358
Texas,Menard County,2124
Texas,Midland County,177863
Texas,Milam County,24708
Texas,Mills County,4840
Texas,Mitchell County,8202
Texas,Montague County,19962
Texas,Montgomery County,626351
Texas,Moore County,20654
Texas,Morris County,12393
Texas,Motley County,1185
Texas,Nacogdoches County,64753
Texas,Navarro County,50694
Texas,Newton County,13414
Texas,Nolan County,14835
Texas,Nueces County,363148
Texas,Ochiltree County,9598
Texas,Oldham County,2135
Texas,Orange County,82878
Texas,Palo Pinto County,29320
Texas,Panola County,23187
Texas,Parker County,148198
Texas,Parmer County,9522
Texas,Pecos County,15718
Texas,Polk County,52995
Texas,Potter County,116004
Texas,Presidio County,6508
Texas,Rains County,12552
Texas,Randall County,139899
Texas,Reagan County,3833
Texas,Real County,3411
Texas,Red River County,11995
Texas,Reeves County,15949
Texas,Refugio County,6877
Texas,Roberts County,813
Texas,Robertson County,17155
Texas,Rockwall County,109888
Texas,Runnels County,10401
Texas,Rusk County,54324
Texas,Sabine County,10507
Texas,San Augustine County,8248
Texas,San Jacinto County,29301
Texas,San Patricio County,67069
Texas,San Saba County,6039
Texas,Schleicher County,2761
Texas,Scurry County,16662
Texas,Shackelford County,3300
Texas,Shelby County,24915
Texas,Sherman County,3027
Texas,Smith County,235806
Texas,Somervell County,9139
Texas,Starr County,64266
Texas,Stephens County,9334
Texas,Sterling County,1315
Texas,Stonewall County,1348
Texas,Sutton County,3738
Texas,Swisher County,7340
Texas,Tarrant County,2123347
Texas,Taylor County,139200
Texas,Terrell County,702
Texas,Terry County,12183
Texas,Throckmorton County,1487
Texas,Titus County,32926
Texas,Tom Green County,120010
Texas,Travis County,1300503
Texas,Trinity County,14883
Texas,Tyler County,21591
Texas,Upshur County,42166
Texas,Upton County,3623
Texas,Uvalde County,26742
Texas,Val Verde County,49028
Texas,Van Zandt County,57533
Texas,Victoria County,91936
Texas,Walker County,72164
Texas,Waller County,57452
Texas,Ward County,12097
Texas,Washington County,35771
Texas,Webb County,277681
Texas,Wharton County,41685
Texas,Wheeler County,4946
Texas,Wichita County,133205
Texas,Wilbarger County,12552
Texas,Willacy County,21161
Texas,Williamson County,617855
Texas,Wilson County,52023
Texas,Winkler County,7887
Texas,Wise County,71084
Texas,Wood County,46291
Texas,Yoakum County,8702
Texas,Young County,17904
Texas,Zapata County,14172
Texas,Zavala County,11840
Utah,Beaver County,6761
Utah,Box Elder County,57007
Utah,Cache County,130004
Utah,Carbon County,20760
Utah,Daggett County,1026
Utah,Davis County,359232
Utah,Duchesne County,19894
Utah,Emery County,10147
Utah,Garfield County,5050
Utah,Grand County,9796
Utah,Iron County,56814
Utah,Juab County,12122
Utah,Kane County,7914
Utah,Millard County,13327
Utah,Morgan County,12462
Utah,Piute County,1473
Utah,Rich County,2452
Utah,Salt Lake County,1165517
Utah,San Juan County,15278
Utah,Sanpete County,31393
Utah,Sevier County,21780
Utah,Summit County,42499
Utah,Tooele County,74512
Utah,Uintah County,35970
Utah,Utah County,651059
Utah,Wasatch County,35300
Utah,Washington County,184913
Utah,Wayne County,2759
Utah,Weber County,262658
Vermont,Addison County,36851
Vermont,Bennington County,35338
Vermont,Caledonia County,29705
Vermont,Chittenden County,164306
Vermont,Essex County,6123
Vermont,Franklin County,49685
Vermont,Grand Isle County,7169
Vermont,Lamoille County,25341
Vermont,Orange County,28837
Vermont,Orleans County,26897
Vermont,Rutland County,57764
Vermont,Washington County,58328
Vermont,Windham County,42015
Vermont,Windsor County,54988
Virginia,Accomack County,32238
Virginia,Albemarle County,110652
Virginia,Alleghany County,14701
Virginia,Amelia County,13014
Virginia,Amherst County,31667
Virginia,Appomattox County,16043
Virginia,Arlington County,240119
Virginia,Augusta County,76544
Virginia,Bath County,4119
Virginia,Bedford County,79811
Virginia,Bland County,6239
Virginia,Botetourt County,33633
Virginia,Brunswick County,16037
Virginia,Buchanan County,20613
Virginia,Buckingham County,17168
Virginia,Campbell County,55304
Virginia,Caroline County,30860
Virginia,Carroll County,30074
Virginia,Charles City County,6821
Virginia,Charlotte County,11820
Virginia,Chesterfield County,358245
Virginia,Clarke County,14622
Virginia,Craig County,5077
Virginia,Culpeper County,53569
Virginia,Cumberland County,9933
Virginia,Dickenson County,14078
Virginia,Dinwiddie County,28688
Virginia,Essex County,10943
Virginia,Fairfax County,1150847
Virginia,Fauquier County,71361
Virginia,Floyd County,15777
Virginia,Fluvanna County,27422
Virginia,Franklin County,56167
Virginia,Frederick County,91119
Virginia,Giles County,16663
Virginia,Gloucester County,37459
Virginia,Goochland County,24431
Virginia,Grayson County,15493
Virginia,Greene County,20131
Virginia,Greensville County,11280
Virginia,Halifax County,33633
Virginia,Hanover County,108262
Virginia,Henrico County,333766
Virginia,Henry County,50309
Virginia,Highland County,2200
Virginia,Isle of Wight County,37725
Virginia,James City County,77612
Virginia,King and Queen County,6942
Virginia,King George County,27381
Virginia,King William County,17641
Virginia,Lancaster County,10618
Virginia,Lee County,23238
Virginia,Loudoun County,422784
Virginia,Louisa County,38132
Virginia,Lunenburg County,12267
Virginia,Madison County,13312
Virginia,Mathews County,8766
Virginia,Mecklenburg County,30679
Virginia,Middlesex County,10569
Virginia,Montgomery County,98391
Virginia,Nelson County,14755
Virginia,New Kent County,23648
Virginia,Northampton County,11673
Virginia,Northumberland County,12069
Virginia,Nottoway County,15160
Virginia,Orange County,37695
Virginia,Page County,23933
Virginia,Patrick County,17493
Virginia,Pittsylvania County,59850
Virginia,Powhatan County,30148
Virginia,Prince Edward County,23006
Virginia,Prince George County,38686
Virginia,Prince William County,475533
Virginia,Pulaski County,33935
Virginia,Rappahannock County,7260
Virginia,Richmond County,9071
Virginia,Roanoke County,94509
Virginia,Rockbridge County,22757
Virginia,Rockingham County,82346
Virginia,Russell County,26647
Virginia,Scott County,21629
Virginia,Shenandoah County,43905
Virginia,Smyth County,30090
Virginia,Southampton County,17636
Virginia,Spotsylvania County,138449
Virginia,Stafford County,156748
Virginia,Surry County,6385
Virginia,Sussex County,10925
Virginia,Tazewell County,40529
Virginia,Warren County,40475
Virginia,Washington County,53695
Virginia,Westmoreland County,18149
Virginia,Wise County,37206
Virginia,Wythe County,28620
Virginia,York County,69199
Virginia,Alexandria city,158726
Virginia,Bristol city,17329
Virginia,Buena Vista city,6402
Virginia,Charlottesville city,46950
Virginia,Chesapeake city,247011
Virginia,Colonial Heights city,17205
Virginia,Covington city,5639
Virginia,Danville city,39869
Virginia,Emporia city,5257
Virginia,Fairfax city,23429
Virginia,Falls Church city,14631
Virginia,Franklin city,7833
Virginia,Fredericksburg city,29492
Virginia,Galax city,6296
Virginia,Hampton city,135464
Virginia,Harrisonburg city,53204
Virginia,Hopewell city,22375
Virginia,Lexington city,7279
Virginia,Lynchburg city,81561
Virginia,Manassas city,40869
Virginia,Manassas Park city,18004
Virginia,Martinsville city,12355
Virginia,Newport News city,179062
Virginia,Norfolk city,242803
Virginia,Norton city,3985
Virginia,Petersburg city,30446
Virginia,Poquoson city,12257
Virginia,Portsmouth city,95094
Virginia,Radford city,18255
Virginia,Richmond city,232226
Virginia,Roanoke city,99058
Virginia,Salem city,25340
Virginia,Staunton city,25190
Virginia,Suffolk city,93913
Virginia,Virginia Beach city,451231
Virginia,Waynesboro city,22741
Virginia,Williamsburg city,15259
Virginia,Winchester city,27700
Washington,Adams County,20027
Washington,Asotin County,22820
Washington,Benton County,206426
Washington,Chelan County,77574
Washington,Clallam County,78067
Washington,Clark County,496865
Washington,Columbia County,4048
Washington,Cowlitz County,111371
Washington,Douglas County,43560
Washington,Ferry County,7759
Washington,Franklin County,97075
Washington,Garfield County,2290
Washington,Grant County,99377
Washington,Grays Harbor County,75950
Washington,Island County,86014
Washington,Jefferson County,32700
Washington,King County,2274315
Washington,Kitsap County,272787
Washington,Kittitas County,49204
Washington,Klickitat County,22697
Washington,Lewis County,82109
Washington,Lincoln County,11090
Washington,Mason County,68224
Washington,Okanogan County,42620
Washington,Pacific County,22984
Washington,Pend Oreille County,14144
Washington,Pierce County,913890
Washington,San Juan County,17492
Washington,Skagit County,130789
Washington,Skamania County,12107
Washington,Snohomish County,830393
Washington,Spokane County,528225
Washington,Stevens County,46360
Washington,Thurston County,294074
Washington,Wahkiakum County,4498
Washington,Walla Walla County,61292
Washington,Whatcom County,231016
Washington,Whitman County,49500
Washington,Yakima County,251879
West Virginia,Barbour County,16444
West Virginia,Berkeley County,122125
West Virginia,Boone County,21055
West Virginia,Braxton County,13702
West Virginia,Brooke County,21674
West Virginia,Cabell County,91589
West Virginia,Calhoun County,6945
West Virginia,Clay County,8341
West Virginia,Doddridge County,8368
West Virginia,Fayette County,42062
West Virginia,Gilmer County,7811
West Virginia,Grant County,11510
West Virginia,Greenbrier County,34319
West Virginia,Hampshire County,23190
West Virginia,Hancock County,28571
West Virginia,Hardy County,13633
West Virginia,Harrison County,66870
West Virginia,Jackson County,28453
West Virginia,Jefferson County,57486
West Virginia,Kanawha County,176253
West Virginia,Lewis County,15805
West Virginia,Lincoln County,20043
West Virginia,Logan County,31688
West Virginia,McDowell County,16916
West Virginia,Marion County,55962
West Virginia,Marshall County,30103
West Virginia,Mason County,26335
West Virginia,Mercer County,58258
West Virginia,Mineral County,26722
West Virginia,Mingo County,22951
West Virginia,Monongalia County,106819
West Virginia,Monroe County,13229
West Virginia,Morgan County,17873
West Virginia,Nicholas County,24340
West Virginia,Ohio County,41182
West Virginia,Pendleton County,6932
West Virginia,Pleasants County,7438
West Virginia,Pocahontas County,8190
West Virginia,Preston County,33380
West Virginia,Putnam County,56428
West Virginia,Raleigh County,72920
West Virginia,Randolph County,28387
West Virginia,Ritchie County,9499
West Virginia,Roane County,13482
West Virginia,Summers County,12444
West Virginia,Taylor County,16699
West Virginia,Tucker County,6816
West Virginia,Tyler County,8533
West Virginia,Upshur County,24230
West Virginia,Wayne County,39054
West Virginia,Webster County,8058
West Virginia,Wetzel County,14904
West Virginia,Wirt County,5705
West Virginia,Wood County,82938
West Virginia,Wyoming County,20123
Wisconsin,Adams County,20498
Wisconsin,Ashland County,15415
Wisconsin,Barron County,45090
Wisconsin,Bayfield County,15242
Wisconsin,Brown County,264610
Wisconsin,Buffalo County,13033
Wisconsin,Burnett County,15557
Wisconsin,Calumet County,50209
Wisconsin,Chippewa County,64737
Wisconsin,Clark County,34720
Wisconsin,Columbia County,57668
Wisconsin,Crawford County,16021
Wisconsin,Dane County,552536
Wisconsin,Dodge County,87336
Wisconsin,Door County,27889
Wisconsin,Douglas County,43702
Wisconsin,Dunn County,45452
Wisconsin,Eau Claire County,105260
Wisconsin,Florence County,4298
Wisconsin,Fond du Lac County,102902
Wisconsin,Forest County,8960
Wisconsin,Grant County,51021
Wisconsin,Green County,36603
Wisconsin,Green Lake County,18908
Wisconsin,Iowa County,23640
Wisconsin,Iron County,5698
Wisconsin,Jackson County,20630
Wisconsin,Jefferson County,85038
Wisconsin,Juneau County,26908
Wisconsin,Kenosha County,169671
Wisconsin,Kewaunee County,20386
Wisconsin,La Crosse County,118502
Wisconsin,Lafayette County,16646
Wisconsin,Langlade County,19119
Wisconsin,Lincoln County,27566
Wisconsin,Manitowoc County,78757
Wisconsin,Marathon County,135593
Wisconsin,Marinette County,40262
Wisconsin,Marquette County,15585
Wisconsin,Menominee County,4546
Wisconsin,Milwaukee County,945016
Wisconsin,Monroe County,46582
Wisconsin,Oconto County,38383
Wisconsin,Oneida County,35751
Wisconsin,Outagamie County,188766
Wisconsin,Ozaukee County,90043
Wisconsin,Pepin County,7271
Wisconsin,Pierce County,42700
Wisconsin,Polk County,43794
Wisconsin,Portage County,71032
Wisconsin,Price County,13245
Wisconsin,Racine County,195802
Wisconsin,Richland County,17258
Wisconsin,Rock County,163084
Wisconsin,Rusk County,14022
Wisconsin,St. Croix County,91838
Wisconsin,Sauk County,64449
Wisconsin,Sawyer County,16700
Wisconsin,Shawano County,40786
Wisconsin,Sheboygan County,115240
Wisconsin,Taylor County,20318
Wisconsin,Trempealeau County,29681
Wisconsin,Vernon County,30861
Wisconsin,Vilas County,22356
Wisconsin,Walworth County,103953
Wisconsin,Washburn County,15712
Wisconsin,Washington County,136445
Wisconsin,Waukesha County,406172
Wisconsin,Waupaca County,50664
Wisconsin,Waushara County,24326
Wisconsin,Winnebago County,171631
Wisconsin,Wood County,72560
Wyoming,Albany County,38950
Wyoming,Big Horn County,11575
Wyoming,Campbell County,46676
Wyoming,Carbon County,14711
Wyoming,Converse County,13804
Wyoming,Crook County,7593
Wyoming,Fremont County,39317
Wyoming,Goshen County,13235
Wyoming,Hot Springs County,4425
Wyoming,Johnson County,8588
Wyoming,Laramie County,100595
Wyoming,Lincoln County,20253
Wyoming,Natrona County,80815
Wyoming,Niobrara County,2275
Wyoming,Park County,29331
Wyoming,Platte County,8578
Wyoming,Sheridan County,30863
Wyoming,Sublette County,9856
Wyoming,Sweetwater County,42673
Wyoming,Teton County,23497
Wyoming,Uinta County,20215
Wyoming,Washakie County,7760
Wyoming,Weston County,6743
